PMS,CLASS,ASSET_TYPE,TYPE,FACING,DIA(LOW),DIA(HIGH),THK,DESIGN_STANDARD,MATERIAL_DESCRIPTION
EIL,A4A,PIPE,SEAMLESS,PE,0.5,0.75,S160,B-36.10,A333 GR 6
EIL,A4A,PIPE,SEAMLESS,PE,1,1.5,XS,B-36.10,A333 GR 6
EIL,A4A,PIPE,SEAMLESS,BE,2,2,XS,B-36.10,A333 GR 6
EIL,A4A,PIPE,SEAMLESS,BE,3,14,STD,B-36.10,A333 GR 6
EIL,A4A,PIPE,EFSW,BE,16,24,STD,B-36.10,A 671 GR.CC60 CL.32
EIL,A4A,PIPE,EFSW,BE,26,36,STD,B-36.10,A 671 GR.CC60 CL.32
EIL,A5A,PIPE,SEAMLESS,PE,0.5,0.75,S160,B-36.10,ASTM A 106 GR.B
EIL,A5A,PIPE,SEAMLESS,PE,1,1.5,XS,B-36.10,ASTM A 106 GR.B
EIL,A5A,PIPE,SEAMLESS,BE,2,2,XS,B-36.10,ASTM A 106 GR.B
EIL,A5A,PIPE,SEAMLESS,BE,3,14,STD,B-36.10,ASTM A 106 GR.B
EIL,A5A,PIPE,EFSW,BE,16,16,XS,B-36.10,ASTM A 672 GR. B60 CL.32
EIL,A5A,PIPE,EFSW,BE,18,24,STD,B-36.10,ASTM A 672 GR. B60 CL.32
EIL,A5A,PIPE,EFSW,BE,30,30,STD,B-36.10,ASTM A 672 GR. B60 CL.32
EIL,A5A,PIPE,EFSW,BE,34,34,STD,B-36.10,ASTM A 672 GR. B60 CL.32
EIL,A7A,PIPE,SEAMLESS,PE,0.5,0.75,S160,B-36.10,ASTM A 106 GR.B
EIL,A7A,PIPE,SEAMLESS,PE,1,1.5,XS,B-36.10,ASTM A 106 GR.B
EIL,A7A,PIPE,SEAMLESS,BE,2,2,XS,B-36.10,ASTM A 106 GR.B
EIL,A7A,PIPE,SEAMLESS,BE,3,14,STD,B-36.10,ASTM A 106 GR.B
EIL,A7A,PIPE,EFSW,BE,16,16,XS,B-36.10,ASTM A 672 GR. B60 CL.12
EIL,A7A,PIPE,EFSW,BE,18,24,STD,B-36.10,ASTM A 672 GR. B60 CL.12
EIL,A9A,PIPE,SEAMLESS,PE,0.5,0.75,S160,B-36.10,ASTM A 106 GR.B
EIL,A9A,PIPE,SEAMLESS,PE,1,1.5,XS,B-36.10,ASTM A 106 GR.B
EIL,A9A,PIPE,SEAMLESS,BE,2,2,XS,B-36.10,ASTM A 106 GR.B
EIL,A9A,PIPE,SEAMLESS,BE,3,14,STD,B-36.10,ASTM A 106 GR.B
EIL,A9A,PIPE,EFSW,BE,16,16,XS,B-36.10,ASTM A 672 GR. B60 CL.12
EIL,A9A,PIPE,EFSW,BE,18,26,STD,B-36.10,ASTM A 672 GR. B60 CL.12
EIL,A9A,PIPE,EFSW,BE,30,30,STD,B-36.10,ASTM A 672 GR. B60 CL.12
EIL,A9A,PIPE,EFSW,BE,32,36,XS,B-36.10,ASTM A 672 GR. B60 CL.12
EIL,A11A,PIPE,SEAMLESS,PE,0.5,0.75,S160,B-36.10,ASTM A 106 GR.B
EIL,A11A,PIPE,SEAMLESS,PE,1,1.5,XS,B-36.10,ASTM A 106 GR.B
EIL,A11A,PIPE,SEAMLESS,BE,2,2,XS,B-36.10,ASTM A 106 GR.B
EIL,A11A,PIPE,SEAMLESS,BE,3,14,STD,B-36.10,ASTM A 106 GR.B
EIL,A11A,PIPE,EFSW,BE,16,26,STD,B-36.10,A672GR.B60 CL.12(200 BHN MAX)
EIL,A11A,PIPE,EFSW,BE,30,30,STD,B-36.10,A672GR.B60 CL.12(200 BHN MAX)
EIL,A11A,PIPE,EFSW,BE,32,36,CALC,B-36.10,A672GR.B60 CL.12(200 BHN MAX)
EIL,A13A,PIPE,SEAMLESS,PE,0.5,1.5,XXS,B-36.10,ASTM A 106 GR.B
EIL,A13A,PIPE,SEAMLESS,BE,2,3,S160,B-36.10,ASTM A 106 GR.B
EIL,A13A,PIPE,SEAMLESS,BE,4,4,S120,B-36.10,ASTM A 106 GR.B
EIL,A13A,PIPE,SEAMLESS,BE,6,8,XS,B-36.10,ASTM A 106 GR.B
EIL,A13A,PIPE,SEAMLESS,BE,10,10,XS,B-36.10,ASTM A 106 GR.B
EIL,A13A,PIPE,SEAMLESS,BE,12,14,XS,B-36.10,ASTM A 106 GR.B
EIL,A13A,PIPE,EFSW,BE,16,24,XS,B-36.10,A672GR.B60 CL.12
EIL,A15A,PIPE,SEAMLESS,BE,0.75,2,XS,B-36.10,ASTM A 106 GR.B
EIL,A15A,PIPE,SEAMLESS,BE,3,14,STD,B-36.10,ASTM A 106 GR.B
EIL,A15A,PIPE,SEAMLESS,BE,16,16,STD,B-36.10,ASTM A 672 GR.B60 CL.12
EIL,A16A,PIPE,SEAMLESS,PE,0.5,0.5,XXS,B-36.10,ASTM A 106 GR.B
EIL,A16A,PIPE,SEAMLESS,PE,0.75,1.5,S160,B-36.10,ASTM A 106 GR.B
EIL,A16A,PIPE,SEAMLESS,BE,2,2,S160,B-36.10,ASTM A 106 GR.B
EIL,A16A,PIPE,SEAMLESS,BE,3,12,XS,B-36.10,ASTM A 106 GR.B
EIL,A16A,PIPE,SEAMLESS,BE,14,14,XS,B-36.10,ASTM A 106 GR.B
EIL,A16A,PIPE,EFSW,BE,16,16,XS,B-36.10,A672GR.B60 CL.22
EIL,A16A,PIPE,EFSW,BE,18,20,STD,B-36.10,A672GR.B60 CL.22
EIL,A16A,PIPE,EFSW,BE,24,24,XS,B-36.10,A672GR.B60 CL.22
EIL,A20A,PIPE,SEAMLESS,PE,0.5,0.75,S160,B-36.10,ASTM A 106 GR.B
EIL,A20A,PIPE,SEAMLESS,PE,1,1.5,XS,B-36.10,ASTM A 106 GR.B
EIL,A20A,PIPE,SEAMLESS,BE,2,2,XS,B-36.10,ASTM A 106 GR.B
EIL,A20A,PIPE,SEAMLESS,BE,3,14,STD,B-36.10,ASTM A 106 GR.B
EIL,A20A,PIPE,EFSW,BE,16,18,STD,B-36.10,A672GR.B60 CL.12
EIL,A26A,PIPE,SEAMLESS,PE,0.5,0.75,S160,B-36.10,ASTM A 106 GR.B
EIL,A26A,PIPE,SEAMLESS,PE,1,1.5,XS,B-36.10,ASTM A 106 GR.B
EIL,A26A,PIPE,SEAMLESS,BE,2,2,XS,B-36.10,ASTM A 106 GR.B
EIL,A26A,PIPE,SEAMLESS,BE,3,10,STD,B-36.10,ASTM A 106 GR.B
EIL,A26A,PIPE,SEAMLESS,BE,12,14,XS,B-36.10,ASTM A 106 GR.B
EIL,A26A,PIPE,EFSW,BE,16,16,XS,B-36.10,A672GR.B60 CL.22
EIL,A26A,PIPE,EFSW,BE,18,26,STD,B-36.10,A672GR.B60 CL.22
EIL,A26A,PIPE,EFSW,BE,30,30,STD,B-36.10,A672GR.B60 CL.22
EIL,A32A,PIPE,SEAMLESS,PE,0.5,1.5,XS,B-36.10,ASTM A 106 GR.B
EIL,A32A,PIPE,SEAMLESS,BE,2,2,XS,B-36.10,ASTM A 106 GR.B
EIL,A32A,PIPE,SEAMLESS,BE,3,3,STD,B-36.10,ASTM A 106 GR.B
EIL,A65A,PIPE,SEAMLESS,PE,0.5,0.75,S160,B-36.10,ASTM A 106 GR.B
EIL,A65A,PIPE,SEAMLESS,PE,1,1.5,XS,B-36.10,ASTM A 106 GR.B
EIL,A65A,PIPE,SEAMLESS,BE,2,2,XS,B-36.10,ASTM A 106 GR.B
EIL,A65A,PIPE,SEAMLESS,BE,3,6,STD,B-36.10,ASTM A 106 GR.B
EIL,A65A,PIPE,SEAMLESS,BE,8,12,STD,B-36.10,ASTM A 106 GR.B
EIL,A65A,PIPE,SEAMLESS,BE,14,14,STD,B-36.10,ASTM A 106 GR.B
EIL,A65A,PIPE,EFSW,BE,16,16,XS,B-36.10,A672GR.B60 CL.32 (200 BHN MAX)
EIL,A65A,PIPE,EFSW,BE,18,24,STD,B-36.10,A672GR.B60 CL.32 (200 BHN MAX)
EIL,A66A,PIPE,SEAMLESS,PE,0.5,0.75,S160,B-36.10,ASTM A 106 GR.B
EIL,A66A,PIPE,SEAMLESS,PE,1,1.5,XS,B-36.10,ASTM A 106 GR.B
EIL,A66A,PIPE,SEAMLESS,BE,2,2,XS,B-36.10,ASTM A 106 GR.B
EIL,A66A,PIPE,SEAMLESS,BE,3,6,STD,B-36.10,ASTM A 106 GR.B
EIL,A66A,PIPE,SEAMLESS,BE,8,12,STD,B-36.10,ASTM A 106 GR.B
EIL,A66A,PIPE,SEAMLESS,BE,14,14,STD,B-36.10,ASTM A 106 GR.B
EIL,A66A,PIPE,EFSW,BE,16,16,XS,B-36.10,A672GR.B60 CL.32 (200 BHN MAX)
EIL,A66A,PIPE,EFSW,BE,18,26,STD,B-36.10,A672GR.B60 CL.32 (200 BHN MAX)
EIL,A67A,PIPE,SEAMLESS,PE,0.5,0.75,S160,B-36.10,ASTM A 106 GR.B
EIL,A67A,PIPE,SEAMLESS,PE,1,1.5,XS,B-36.10,ASTM A 106 GR.B
EIL,A67A,PIPE,SEAMLESS,BE,2,2,XS,B-36.10,ASTM A 106 GR.B
EIL,A67A,PIPE,SEAMLESS,BE,3,10,STD,B-36.10,ASTM A 106 GR.B
EIL,A67A,PIPE,SEAMLESS,BE,12,14,XS,B-36.10,ASTM A 106 GR.B
EIL,A67A,PIPE,EFSW,BE,16,20,XS,B-36.10,A672GR.B60 CL.32 (200 BHN MAX)
EIL,A67A,PIPE,EFSW,BE,24,24,S40,B-36.10,A672GR.B60 CL.32 (200 BHN MAX)
EIL,A68A,PIPE,SEAMLESS,PE,0.5,0.75,S160,B-36.10,ASTM A 106 GR.B
EIL,A68A,PIPE,SEAMLESS,PE,1,1.5,XS,B-36.10,ASTM A 106 GR.B
EIL,A68A,PIPE,SEAMLESS,BE,2,2,XS,B-36.10,ASTM A 106 GR.B
EIL,A68A,PIPE,SEAMLESS,BE,3,6,STD,B-36.10,ASTM A 106 GR.B
EIL,A68A,PIPE,SEAMLESS,BE,8,12,STD,B-36.10,ASTM A 106 GR.B
EIL,A68A,PIPE,SEAMLESS,BE,14,14,STD,B-36.10,ASTM A 106 GR.B
EIL,A68A,PIPE,EFSW,BE,16,16,XS,B-36.10,A672GR.B60 CL.32 (200 BHN MAX)
EIL,A68A,PIPE,EFSW,BE,18,24,STD,B-36.10,A672GR.B60 CL.32 (200 BHN MAX)
EIL,A91A,PIPE,SEAMLESS,PE,0.5,0.75,S160,B-36.10,ASTM A 106 GR.B
EIL,A91A,PIPE,SEAMLESS,PE,1,1.5,XS,B-36.10,ASTM A 106 GR.B
EIL,A91A,PIPE,SEAMLESS,BE,2,2,XS,B-36.10,ASTM A 106 GR.B
EIL,A91A,PIPE,SEAMLESS,BE,3,14,STD,B-36.10,ASTM A 106 GR.B
EIL,A91A,PIPE,EFSW,BE,16,36,STD,B-36.10,A672GR.B60 CL.12
EIL,A92A,PIPE,SEAMLESS,PE,0.5,0.75,S160,B-36.10,ASTM A 106 GR.B
EIL,A92A,PIPE,SEAMLESS,PE,1,1.5,XS,B-36.10,ASTM A 106 GR.B
EIL,A92A,PIPE,SEAMLESS,BE,2,2,XS,B-36.10,ASTM A 106 GR.B (PE COATED)
EIL,A92A,PIPE,SEAMLESS,BE,3,6,STD,B-36.10,ASTM A 106 GR.B (PE COATED)
EIL,A92A,PIPE,EFSW,BE,8,14,STD,B-36.10,API 5L GR.B PSL1 (PE COATED)
EIL,A92A,PIPE,EFSW,BE,16,32,STD,B-36.10,A672GR.B60 CL.12 (PE COATED)
EIL,A92A,PIPE,EFSW,BE,36,36,12,B-36.10,A672GR.B60 CL.12 (PE COATED)
EIL,A92A,PIPE,EFSW,BE,40,42,XS,B-36.10,A672GR.B60 CL.12 (PE COATED)
EIL,A93A,PIPE,SEAMLESS,PE,0.5,0.75,S160,B-36.10,ASTM A 106 GR.B
EIL,A93A,PIPE,SEAMLESS,PE,1,1.5,XS,B-36.10,ASTM A 106 GR.B
EIL,A93A,PIPE,SEAMLESS,BE,2,2,XS,B-36.10,ASTM A 106 GR.B
EIL,A93A,PIPE,SEAMLESS,BE,3,14,STD,B-36.10,ASTM A 106 GR.B
EIL,A93A,PIPE,EFSW,BE,16,36,STD,B-36.10,A672GR.B60 CL.12 
EIL,A93A,PIPE,EFSW,BE,42,48,STD,B-36.10,A672GR.B60 CL.12 
EIL,A93A,PIPE,EFSW,BE,64,64,12.7 mm,B-36.10,A672GR.B60 CL.12 
EIL,A94A,PIPE,SEAMLESS,PE,0.5,0.75,S160,B-36.10,ASTM A 106 GR.B
EIL,A94A,PIPE,SEAMLESS,PE,1,1.5,XS,B-36.10,ASTM A 106 GR.B
EIL,A94A,PIPE,SEAMLESS,BE,2,2,XS,B-36.10,ASTM A 106 GR.B (PE COATED)
EIL,A94A,PIPE,SEAMLESS,BE,3,6,STD,B-36.10,ASTM A 106 GR.B (PE COATED)
EIL,A94A,PIPE,EFSW,BE,8,14,STD,B-36.10,API 5L GR.B PSL1 (PE COATED)
EIL,A94A,PIPE,EFSW,BE,16,36,STD,B-36.10,A672GR.B60 CL.12 (PE COATED)
EIL,A94A,PIPE,EFSW,BE,40,48,STD,B-36.10,A672GR.B60 CL.12 (PE COATED)
EIL,A95A,PIPE,SEAMLESS,PE,0.5,0.75,S160,B-36.10,ASTM A 106 GR.B
EIL,A95A,PIPE,SEAMLESS,PE,1,1.5,XS,B-36.10,ASTM A 106 GR.B
EIL,A95A,PIPE,SEAMLESS,BE,2,2,XS,B-36.10,ASTM A 106 GR.B (PE COATED)
EIL,A95A,PIPE,SEAMLESS,BE,3,6,STD,B-36.10,ASTM A 106 GR.B (PE COATED)
EIL,A95A,PIPE,EFSW,BE,8,36,STD,B-36.10,API 5L GR.B PSL1 (PE COATED)
EIL,A96A,PIPE,SEAMLESS,PE,0.5,0.75,S160,B-36.10,ASTM A 106 GR.B
EIL,A96A,PIPE,SEAMLESS,PE,1,1.5,XS,B-36.10,ASTM A 106 GR.B
EIL,A96A,PIPE,SEAMLESS,BE,2,2,XS,B-36.10,ASTM A 106 GR.B
EIL,A96A,PIPE,SEAMLESS,BE,3,14,STD,B-36.10,ASTM A 106 GR.B
EIL,A96A,PIPE,EFSW,BE,16,24,STD,B-36.10,API 5L GR.B PSL1
EIL,A11K,PIPE,SEAMLESS,PE,0.5,0.75,80S,B-36.19,ASTM A 312 TP304L
EIL,A11K,PIPE,SEAMLESS,PE,1,1.5,40S,B-36.19,ASTM A 312 TP304L
EIL,A11K,PIPE,SEAMLESS,BE,2,2,40S,B-36.19,ASTM A 312 TP304L
EIL,A11K,PIPE,SEAMLESS,BE,3,8,10S,B-36.19,ASTM A 312 TP304L
EIL,A11K,PIPE,EFSW,BE,10,24,10S,B-36.19,ASTM A 358 TP304L CL.1
EIL,A1N,PIPE,SEAMLESS,PE,0.5,0.75,80S,B-36.19,ASTM A 312 TP316L
EIL,A1N,PIPE,SEAMLESS,PE,1,1.5,40S,B-36.19,ASTM A 312 TP316L
EIL,A1N,PIPE,SEAMLESS,BE,2,2,40S,B-36.19,ASTM A 312 TP316L
EIL,A1N,PIPE,SEAMLESS,BE,3,8,10S,B-36.19,ASTM A 312 TP316L
EIL,A1N,PIPE,EFSW,BE,10,24,10S,B-36.19,ASTM A 358 TP316L CL.1
EIL,A3K,PIPE,SEAMLESS,PE,0.5,0.75,80S,B-36.19,ASTM A 312 TP304
EIL,A3K,PIPE,SEAMLESS,PE,1,1.5,40S,B-36.19,ASTM A 312 TP304
EIL,A3K,PIPE,SEAMLESS,BE,2,2,40S,B-36.19,ASTM A 312 TP304
EIL,A3K,PIPE,SEAMLESS,BE,3,8,10S,B-36.19,ASTM A 312 TP304
EIL,A3K,PIPE,EFSW,BE,10,14,10S,B-36.19,ASTM A 358 TP304 CL.1
EIL,A6K,PIPE,SEAMLESS,PE,0.5,0.75,80S,B-36.19,ASTM A 312 TP304L
EIL,A6K,PIPE,SEAMLESS,PE,1,1.5,40S,B-36.19,ASTM A 312 TP304L
EIL,A6K,PIPE,SEAMLESS,BE,2,2,40S,B-36.19,ASTM A 312 TP304L
EIL,A6K,PIPE,SEAMLESS,BE,3,8,10S,B-36.19,ASTM A 312 TP304L
EIL,A6K,PIPE,EFSW,BE,10,14,10S,B-36.19,ASTM A 358 TP304 CL.1
EIL,A6K,PIPE,EFSW,BE,16,16,10S,B-36.19,ASTM A 358 TP304 CL.1
EIL,A6K,PIPE,EFSW,BE,18,18,6.35,B-36.19,ASTM A 358 TP304 CL.1
EIL,A6K,PIPE,EFSW,BE,20,20,10S,B-36.19,ASTM A 358 TP304 CL.1
EIL,A6K,PIPE,EFSW,BE,24,24,10S,B-36.19,ASTM A 358 TP304 CL.1
EIL,A91W,PIPE,SEAMLESS,BE,0.5,0.75,2MM,EEMUA-144,"UNS 7060X, 90-10CU-NI, 20BAR"
EIL,A91W,PIPE,SEAMLESS,BE,1,1.5,2.5MM,EEMUA-144,"UNS 7060X, 90-10CU-NI, 20BAR"
EIL,A91W,PIPE,SEAMLESS,BE,2,2,3MM,EEMUA-144,"UNS 7060X, 90-10CU-NI, 20BAR"
EIL,A91W,PIPE,SEAMLESS,BE,3,3,4MM,EEMUA-144,"UNS 7060X, 90-10CU-NI, 20BAR"
EIL,A91W,PIPE,SEAMLESS,BE,4,4,5MM,EEMUA-144,"UNS 7060X, 90-10CU-NI, 20BAR"
EIL,A91Y,PIPE,SEAMLESS,BE,4,6,STD,B-36.10,ASTM A106GR.B(INT EPOXY COATD)
EIL,A91Y,PIPE,SEAMLESS,BE,8,14,STD,B-36.10,API5LGR.B PSL1(INT. EPOXY CTD)
EIL,A91Y,PIPE,SEAMLESS,BE,16,36,STD,B-36.10,A672GR.B60CL.12(INT EPOXY CTD)
EIL,A92Y,PIPE,SEAMLESS,BE,4,6,STD,B-36.10,ASTM A106 GR.B(PE&EPOXY COATD)
EIL,A92Y,PIPE,EFSW,BE,8,14,STD,B-36.10,API5LGR.B PSL1(PE&EPOXY COATD)
EIL,A92Y,PIPE,EFSW,BE,16,32,STD,B-36.10,A672GR.B60CL12(PE&EPOXY COATD)
EIL,A92Y,PIPE,EFSW,BE,36,36,12MM,B-36.10,A672GR.B60CL12(PE&EPOXY COATD)
EIL,A93M,PIPE,SEAMLESS,PE,0.5,0.75,80S,B-36.19,ASTM A 312 TP316
EIL,A93M,PIPE,SEAMLESS,PE,1,1.5,40S,B-36.19,ASTM A 312 TP316
EIL,A93M,PIPE,SEAMLESS,BE,2,2,40S,B-36.19,ASTM A 312 TP316
EIL,A93M,PIPE,SEAMLESS,BE,3,8,10S,B-36.19,ASTM A 312 TP316
EIL,A93M,PIPE,EFSW,BE,10,24,10S,B-36.19,ASTM A 358 TP316 CL.1
EIL,B4A,PIPE,SEAMLESS,PE,0.5,0.75,S160,B-36.10,ASTM A 333 GR.6
EIL,B4A,PIPE,SEAMLESS,PE,1,1.5,XS,B-36.10,ASTM A 333 GR.6
EIL,B4A,PIPE,SEAMLESS,BE,2,2,XS,B-36.10,ASTM A 333 GR.6
EIL,B4A,PIPE,SEAMLESS,BE,3,14,STD,B-36.10,ASTM A 333 GR.6
EIL,B4A,PIPE,EFSW,BE,16,16,STD,B-36.10,ASTM A 671 GR.CC60 CL.32
EIL,B4A,PIPE,EFSW,BE,18,20,XS,B-36.10,ASTM A 671 GR.CC60 CL.32
EIL,B4A,PIPE,EFSW,BE,24,24,CALC,B-36.10,ASTM A 671 GR.CC60 CL.32
EIL,B5A,PIPE,SEAMLESS,PE,0.5,0.75,S160,B-36.10,ASTM A 106 GR.B
EIL,B5A,PIPE,SEAMLESS,PE,1,1.5,XS,B-36.10,ASTM A 106 GR.B
EIL,B5A,PIPE,SEAMLESS,BE,2,2,XS,B-36.10,ASTM A 106 GR.B
EIL,B5A,PIPE,SEAMLESS,BE,3,14,STD,B-36.10,ASTM A 106 GR.B
EIL,B5A,PIPE,EFSW,BE,16,20,XS,B-36.10,ASTM A 672 GR.B60 CL.32
EIL,B5A,PIPE,EFSW,BE,24,24,CALC,B-36.10,ASTM A 672 GR.B60 CL.32
EIL,B13A,PIPE,SEAMLESS,PE,0.5,1.5,XXS,B-36.10,ASTM A 106 GR.B
EIL,B13A,PIPE,SEAMLESS,BE,2,3,S160,B-36.10,ASTM A 106 GR.B
EIL,B13A,PIPE,SEAMLESS,BE,4,4,S120,B-36.10,ASTM A 106 GR.B
EIL,B13A,PIPE,SEAMLESS,BE,6,8,XS,B-36.10,ASTM A 106 GR.B
EIL,B13A,PIPE,SEAMLESS,BE,10,10,XS,B-36.10,ASTM A 106 GR.B
EIL,B13A,PIPE,SEAMLESS,BE,12,14,S60,B-36.10,ASTM A 106 GR.B
EIL,B13A,PIPE,EFSW,BE,16,24,CALC,B-36.10,ASTM A 672 GR.B60 CL.12
EIL,B16A,PIPE,SEAMLESS,PE,0.5,0.5,XXS,B-36.10,ASTM A 106 GR.B
EIL,B16A,PIPE,SEAMLESS,PE,0.75,0.75,S160,B-36.10,ASTM A 106 GR.B
EIL,B16A,PIPE,SEAMLESS,PE,1,1.5,S160,B-36.10,ASTM A 106 GR.B
EIL,B16A,PIPE,SEAMLESS,BE,2,2,S160,B-36.10,ASTM A 106 GR.B
EIL,B16A,PIPE,SEAMLESS,BE,3,12,XS,B-36.10,ASTM A 106 GR.B
EIL,B16A,PIPE,SEAMLESS,BE,14,14,XS,B-36.10,ASTM A 106 GR.B
EIL,B16A,PIPE,EFSW,BE,16,24,CALC,B-36.10,ASTM A 672 GR.B60 CL.12
EIL,B65A,PIPE,SEAMLESS,PE,0.5,0.75,S160,B-36.10,ASTM A 106 GR.B
EIL,B65A,PIPE,SEAMLESS,PE,1,1.5,XS,B-36.10,ASTM A 106 GR.B
EIL,B65A,PIPE,SEAMLESS,PE,2,2,XS,B-36.10,ASTM A 106 GR.B
EIL,B65A,PIPE,SEAMLESS,BE,3,10,STD,B-36.10,ASTM A 106 GR.B
EIL,B65A,PIPE,SEAMLESS,BE,12,14,XS,B-36.10,ASTM A 106 GR.B
EIL,B65A,PIPE,EFSW,BE,16,20,CALC,B-36.10,ASTM A 672 GR.B60 CL.32(200BHN MAX)
EIL,B65A,PIPE,EFSW,BE,24,24,CALC,B-36.10,ASTM A 672 GR.B60 CL.32(200BHN MAX)
EIL,B66A,PIPE,SEAMLESS,PE,0.5,0.75,S160,B-36.10,ASTM A 106 GR.B
EIL,B66A,PIPE,SEAMLESS,PE,1,1.5,XS,B-36.10,ASTM A 106 GR.B
EIL,B66A,PIPE,SEAMLESS,PE,2,2,XS,B-36.10,ASTM A 106 GR.B
EIL,B66A,PIPE,SEAMLESS,BE,3,10,STD,B-36.10,ASTM A 106 GR.B
EIL,B66A,PIPE,SEAMLESS,BE,12,14,XS,B-36.10,ASTM A 106 GR.B
EIL,B66A,PIPE,EFSW,BE,16,24,CALC,B-36.10,ASTM A 672 GR.B60 CL.32(200BHN MAX)
EIL,B67A,PIPE,SEAMLESS,PE,0.5,0.75,S160,B-36.10,ASTM A 106 GR.B
EIL,B67A,PIPE,SEAMLESS,PE,1,1.5,XS,B-36.10,ASTM A 106 GR.B
EIL,B67A,PIPE,SEAMLESS,PE,2,2,XS,B-36.10,ASTM A 106 GR.B
EIL,B67A,PIPE,SEAMLESS,BE,3,10,STD,B-36.10,ASTM A 106 GR.B
EIL,B67A,PIPE,SEAMLESS,BE,12,14,XS,B-36.10,ASTM A 106 GR.B
EIL,B67A,PIPE,EFSW,BE,16,24,CALC,B-36.10,ASTM A 672 GR.B60 CL.32(200BHN MAX)
EIL,B68A,PIPE,SEAMLESS,PE,0.5,1.5,XXS,B-36.10,ASTM A 106 GR.B
EIL,B68A,PIPE,SEAMLESS,BE,2,3,S160,B-36.10,ASTM A 106 GR.B
EIL,B68A,PIPE,SEAMLESS,PE,4,4,S120,B-36.10,ASTM A 106 GR.B
EIL,B68A,PIPE,SEAMLESS,BE,6,10,XS,B-36.10,ASTM A 106 GR.B
EIL,B68A,PIPE,SEAMLESS,BE,12,14,S60,B-36.10,ASTM A 106 GR.B
EIL,B68A,PIPE,EFSW,BE,16,24,CALC,B-36.10,ASTM A 672 GR.B60 CL.32(200BHN MAX)
EIL,B11K,PIPE,SEAMLESS,PE,0.5,0.75,80S,B-36.19,ASTM A 312 TP304L
EIL,B11K,PIPE,SEAMLESS,PE,1,1.5,40S,B-36.19,ASTM A 312 TP304L
EIL,B11K,PIPE,SEAMLESS,BE,2,2,40S,B-36.19,ASTM A 312 TP304L
EIL,B11K,PIPE,SEAMLESS,BE,3,6,10S,B-36.19,ASTM A 312 TP304L
EIL,B11K,PIPE,SEAMLESS,BE,8,8,6.35MM,B-36.19,ASTM A 312 TP304L
EIL,B11K,PIPE,EFSW,BE,10,10,6.35MM,B-36.19,ASTM A 358 TP304 CL.1
EIL,B11K,PIPE,EFSW,BE,12,12,8.38MM,B-36.19,ASTM A 358 TP304 CL.1
EIL,B11K,PIPE,EFSW,BE,14,14,7.92MM,B-36.19,ASTM A 358 TP304 CL.1
EIL,B15K,PIPE,SEAMLESS,PE,0.5,0.75,80S,B-36.19,ASTM A 312 TP304L
EIL,B15K,PIPE,SEAMLESS,PE,1,1.5,40S,B-36.19,ASTM A 312 TP304L
EIL,B15K,PIPE,SEAMLESS,BE,2,2,40S,B-36.19,ASTM A 312 TP304L
EIL,B15K,PIPE,SEAMLESS,BE,3,4,10S,B-36.19,ASTM A 312 TP304L
EIL,B15K,PIPE,SEAMLESS,BE,6,6,10S,B-36.19,ASTM A 312 TP304L
EIL,B15K,PIPE,SEAMLESS,BE,8,8,6.35mm,B-36.19,ASTM A 312 TP304L
EIL,B15K,PIPE,EFSW,BE,10,10,6.35mm,B-36.19,ASTM A 358 TP304 CL.1
EIL,B15K,PIPE,EFSW,BE,12,12,8.38mm,B-36.19,ASTM A 358 TP304 CL.1
EIL,B15K,PIPE,EFSW,BE,14,14,7.92mm,B-36.19,ASTM A 358 TP304 CL.1
EIL,B15K,PIPE,EFSW,BE,16,18,40S,B-36.19,ASTM A 358 TP304 CL.1
EIL,B15K,PIPE,EFSW,BE,20,20,40S,B-36.19,ASTM A 358 TP304 CL.1
EIL,B15K,PIPE,EFSW,BE,24,24,80S,B-36.19,ASTM A 358 TP304 CL.1
EIL,B1K,PIPE,SEAMLESS,PE,0.5,0.75,80S,B-36.19,ASTM A 312 TP304
EIL,B1K,PIPE,SEAMLESS,PE,1,1.5,40S,B-36.19,ASTM A 312 TP304
EIL,B1K,PIPE,SEAMLESS,BE,2,2,40S,B-36.19,ASTM A 312 TP304
EIL,B1K,PIPE,SEAMLESS,BE,3,4,10S,B-36.19,ASTM A 312 TP304
EIL,B1K,PIPE,SEAMLESS,BE,6,6,10S,B-36.19,ASTM A 312 TP304
EIL,B1K,PIPE,SEAMLESS,BE,8,8,6.35MM,B-36.19,ASTM A 312 TP304
EIL,B1K,PIPE,EFSW,BE,10,10,6.35MM,B-36.19,ASTM A 358 TP304 CL.1
EIL,B1K,PIPE,EFSW,BE,12,12,8.38MM,B-36.19,ASTM A 358 TP304 CL.1
EIL,B1K,PIPE,EFSW,BE,14,14,7.92MM,B-36.19,ASTM A 358 TP304 CL.1
EIL,B1K,PIPE,EFSW,BE,16,18,9.53MM,B-36.19,ASTM A 358 TP304 CL.1
EIL,B1K,PIPE,EFSW,BE,20,24,CALC,B-36.19,ASTM A 358 TP304 CL.1
EIL,B25K,PIPE,SEAMLESS,PE,0.5,0.75,80S,B-36.19,ASTM A 312 TP304
EIL,B25K,PIPE,SEAMLESS,PE,1,1.5,40S,B-36.19,ASTM A 312 TP304
EIL,B25K,PIPE,SEAMLESS,BE,2,2,40S,B-36.19,ASTM A 312 TP304
EIL,B25K,PIPE,SEAMLESS,BE,3,4,10S,B-36.19,ASTM A 312 TP304
EIL,B25K,PIPE,SEAMLESS,BE,6,6,10S,B-36.19,ASTM A 312 TP304
EIL,B25K,PIPE,SEAMLESS,BE,8,8,6.35MM,B-36.19,ASTM A 312 TP304
EIL,B25K,PIPE,EFSW,BE,10,10,6.35MM,B-36.19,ASTM A 358 TP304 CL.1
EIL,B25K,PIPE,EFSW,BE,12,12,8.38MM,B-36.19,ASTM A 358 TP304 CL.1
EIL,B25K,PIPE,EFSW,BE,14,14,7.92MM,B-36.19,ASTM A 358 TP304 CL.1
EIL,B25K,PIPE,EFSW,BE,16,18,40S,B-36.19,ASTM A 358 TP304 CL.1
EIL,B25K,PIPE,EFSW,BE,20,24,CALC,B-36.19,ASTM A 358 TP304 CL.1
EIL,B6K,PIPE,SEAMLESS,PE,0.5,0.75,80S,B-36.19,ASTM A 312 TP304L
EIL,B6K,PIPE,SEAMLESS,PE,1,1.5,40S,B-36.19,ASTM A 312 TP304L
EIL,B6K,PIPE,SEAMLESS,BE,2,6,40S,B-36.19,ASTM A 312 TP304L
EIL,B6K,PIPE,SEAMLESS,BE,8,8,6.35MM,B-36.19,ASTM A 312 TP304L
EIL,B6K,PIPE,EFSW,BE,10,10,7.8MM,B-36.19,ASTM A 358 TP304L CL.1
EIL,B6K,PIPE,EFSW,BE,12,12,8.38MM,B-36.19,ASTM A 358 TP304L CL.1
EIL,B6K,PIPE,EFSW,BE,14,14,40S,B-36.19,ASTM A 358 TP304L CL.1
EIL,B6K,PIPE,EFSW,BE,16,24,CALC,B-36.19,ASTM A 358 TP304L CL.1
EIL,B15M,PIPE,SEAMLESS,PE,0.5,0.75,80S,B-36.19,ASTM A 312 TP321
EIL,B15M,PIPE,SEAMLESS,PE,1,1.5,40S,B-36.19,ASTM A 312 TP321
EIL,B15M,PIPE,SEAMLESS,BE,2,6,40S,B-36.19,ASTM A 312 TP321
EIL,B15M,PIPE,SEAMLESS,BE,8,8,6.35MM,B-36.19,ASTM A 312 TP321
EIL,B15M,PIPE,EFSW,BE,10,10,7.8MM,B-36.19,ASTM A 358 TP321 CL.1
EIL,B15M,PIPE,EFSW,BE,12,12,8.38MM,B-36.19,ASTM A 358 TP321 CL.1
EIL,B15M,PIPE,EFSW,BE,14,14,40S,B-36.19,ASTM A 358 TP321 CL.1
EIL,B3M,PIPE,SEAMLESS,PE,0.5,0.75,80S,B-36.19,ASTM A 312 TP321
EIL,B3M,PIPE,SEAMLESS,PE,1,1.5,40S,B-36.19,ASTM A 312 TP321
EIL,B3M,PIPE,SEAMLESS,BE,2,6,40S,B-36.19,ASTM A 312 TP321
EIL,B3M,PIPE,SEAMLESS,BE,8,8,6.35MM,B-36.19,ASTM A 312 TP321
EIL,B3M,PIPE,EFSW,BE,10,10,7.8MM,B-36.19,ASTM A 358 TP321 CL.1
EIL,B3M,PIPE,EFSW,BE,12,12,8.38MM,B-36.19,ASTM A 358 TP321 CL.1
EIL,B3M,PIPE,EFSW,BE,14,14,9.53MM,B-36.19,ASTM A 358 TP321 CL.1
EIL,B3M,PIPE,EFSW,BE,16,24,CALC,B-36.19,ASTM A 358 TP321 CL.1
EIL,B15D,PIPE,SEAMLESS,PE,0.5,0.75,S160,B-36.10,ASTM A 335 GR.P11
EIL,B15D,PIPE,SEAMLESS,PE,1,1.5,XS,B-36.10,ASTM A 335 GR.P11
EIL,B15D,PIPE,SEAMLESS,BE,2,2,XS,B-36.10,ASTM A 335 GR.P11
EIL,B15D,PIPE,SEAMLESS,BE,3,12,STD,B-36.10,ASTM A 335 GR.P11
EIL,B15D,PIPE,EFSW,BE,14,14,XS,B-36.10,ASTM A 335 GR.P11
EIL,B15D,PIPE,EFSW,BE,16,18,XS,B-36.10,ASTM A 691 GR.1.25CR CL.42
EIL,B15D,PIPE,EFSW,BE,20,20,XS,B-36.10,ASTM A 691 GR.1.25CR CL.42
EIL,B1D,PIPE,SEAMLESS,PE,0.5,0.75,S160,B-36.10,ASTM A 335 GR.P11
EIL,B1D,PIPE,SEAMLESS,PE,1,1.5,XS,B-36.10,ASTM A 335 GR.P11
EIL,B1D,PIPE,SEAMLESS,BE,2,2,XS,B-36.10,ASTM A 335 GR.P11
EIL,B1D,PIPE,SEAMLESS,BE,3,12,STD,B-36.10,ASTM A 335 GR.P11
EIL,B1D,PIPE,EFSW,BE,14,14,XS,B-36.10,ASTM A 335 GR.P11
EIL,B1D,PIPE,EFSW,BE,16,18,XS,B-36.10,ASTM A 691 GR.1.25CR CL.42
EIL,B1D,PIPE,EFSW,BE,20,24,CALC,B-36.10,ASTM A 691 GR.1.25CR CL.42
EIL,B25D,PIPE,SEAMLESS,PE,0.5,0.75,S160,B-36.10,ASTM A 335 GR.P11
EIL,B25D,PIPE,SEAMLESS,PE,1,1.5,XS,B-36.10,ASTM A 335 GR.P11
EIL,B25D,PIPE,SEAMLESS,BE,2,2,XS,B-36.10,ASTM A 335 GR.P11
EIL,B25D,PIPE,SEAMLESS,BE,3,4,STD,B-36.10,ASTM A 335 GR.P11
EIL,B25D,PIPE,SEAMLESS,BE,6,8,STD,B-36.10,ASTM A 335 GR.P11
EIL,B25D,PIPE,SEAMLESS,BE,10,12,XS,B-36.10,ASTM A 335 GR.P11
EIL,B25D,PIPE,SEAMLESS,BE,14,14,XS,B-36.10,ASTM A 335 GR.P11
EIL,B25D,PIPE,EFSW,BE,16,16,XS,B-36.10,ASTM A 691 GR.1.25CR CL.42
EIL,B25D,PIPE,EFSW,BE,18,24,CALC,B-36.10,ASTM A 691 GR.1.25CR CL.42
EIL,B5D,PIPE,SEAMLESS,PE,0.5,0.75,S160,B-36.10,ASTM A 335 GR.P11
EIL,B5D,PIPE,SEAMLESS,PE,1,1.5,XS,B-36.10,ASTM A 335 GR.P11
EIL,B5D,PIPE,SEAMLESS,BE,2,2,XS,B-36.10,ASTM A 335 GR.P11
EIL,B5D,PIPE,SEAMLESS,BE,3,12,STD,B-36.10,ASTM A 335 GR.P11
EIL,B5D,PIPE,SEAMLESS,BE,14,14,XS,B-36.10,ASTM A 335 GR.P11
EIL,B5D,PIPE,EFSW,BE,16,18,XS,B-36.10,ASTM A 691 GR.1.25CR CL.42
EIL,B5D,PIPE,EFSW,BE,20,24,CALC,B-36.10,ASTM A 691 GR.1.25CR CL.42
EIL,B65D,PIPE,SEAMLESS,PE,0.5,0.75,S160,B-36.10,ASTM A 335 GR.P11
EIL,B65D,PIPE,SEAMLESS,PE,1,1.5,XS,B-36.10,ASTM A 335 GR.P11
EIL,B65D,PIPE,SEAMLESS,BE,2,2,XS,B-36.10,ASTM A 335 GR.P11
EIL,B65D,PIPE,SEAMLESS,BE,3,4,STD,B-36.10,ASTM A 335 GR.P11
EIL,B65D,PIPE,SEAMLESS,BE,6,8,STD,B-36.10,ASTM A 335 GR.P11
EIL,B65D,PIPE,SEAMLESS,BE,10,14,XS,B-36.10,ASTM A 335 GR.P11
EIL,B65D,PIPE,EFSW,BE,16,16,XS,B-36.10,ASTM A 691 GR.1.25CR CL.42
EIL,B69D,PIPE,SEAMLESS,PE,0.5,0.5,XXS,B-36.10,ASTM A 335 GR.P11
EIL,B69D,PIPE,SEAMLESS,PE,0.75,1.5,S160,B-36.10,ASTM A 335 GR.P11
EIL,B69D,PIPE,SEAMLESS,BE,2,2,S160,B-36.10,ASTM A 335 GR.P11
EIL,B69D,PIPE,SEAMLESS,BE,3,12,XS,B-36.10,ASTM A 335 GR.P11
EIL,B69D,PIPE,SEAMLESS,BE,14,14,S60,B-36.10,ASTM A 335 GR.P11
EIL,B69D,PIPE,EFSW,BE,16,24,CALC,B-36.10,ASTM A 691 GR.1.25CR CL.42
EIL,B4F,PIPE,SEAMLESS,PE,0.5,0.75,S160,B-36.10,ASTM A 335 GR.P5
EIL,B4F,PIPE,SEAMLESS,PE,1,1.5,XS,B-36.10,ASTM A 335 GR.P5
EIL,B4F,PIPE,SEAMLESS,BE,2,2,XS,B-36.10,ASTM A 335 GR.P5
EIL,B4F,PIPE,SEAMLESS,BE,3,3,STD,B-36.10,ASTM A 335 GR.P5
EIL,B4F,PIPE,SEAMLESS,BE,4,8,STD,B-36.10,ASTM A 335 GR.P5
EIL,B4F,PIPE,SEAMLESS,BE,10,14,XS,B-36.10,ASTM A 335 GR.P5
EIL,B4F,PIPE,EFSW,BE,16,16,XS,B-36.10,ASTM A 691 GR.5 CR CL.42
EIL,B4F,PIPE,EFSW,BE,18,24,CALC,B-36.10,ASTM A 691 GR.5 CR CL.42
EIL,B1N,PIPE,SEAMLESS,PE,0.5,0.75,80S,B-36.19,ASTM A 312 TP316L
EIL,B1N,PIPE,SEAMLESS,PE,1,1.5,40S,B-36.19,ASTM A 312 TP316L
EIL,B1N,PIPE,SEAMLESS,BE,2,2,40S,B-36.19,ASTM A 312 TP316L
EIL,B1N,PIPE,SEAMLESS,BE,3,4,10S,B-36.19,ASTM A 312 TP316L
EIL,B1N,PIPE,EFSW,BE,6,6,10S,B-36.19,ASTM A 312 TP316L
EIL,B1N,PIPE,EFSW,BE,8,8,6.35MM,B-36.19,ASTM A 312 TP316L
EIL,B1N,PIPE,EFSW,BE,10,10,6.35MM,B-36.19,ASTM A 358 TP316L CL.1
EIL,B1N,PIPE,EFSW,BE,12,12,8.38MM,B-36.19,ASTM A 358 TP316L CL.1
EIL,B1N,PIPE,EFSW,BE,14,14,7.92MM,B-36.19,ASTM A 358 TP316L CL.1
EIL,B1N,PIPE,EFSW,BE,16,18,9.53MM,B-36.19,ASTM A 358 TP316L CL.1
EIL,B1N,PIPE,EFSW,BE,20,24,CALC,B-36.19,ASTM A 358 TP316L CL.1
EIL,B67V,PIPE,SEAMLESS,PE,0.5,0.75,80S,B-36.19,ASTM A790(UNS32205/31803 DUAL)
EIL,B67V,PIPE,SEAMLESS,PE,1,1.5,40S,B-36.19,ASTM A790(UNS32205/31803 DUAL)
EIL,B67V,PIPE,SEAMLESS,BE,2,2,40S,B-36.19,ASTM A790(UNS32205/31803 DUAL)
EIL,B67V,PIPE,SEAMLESS,BE,3,4,10S,B-36.19,ASTM A790(UNS32205/31803 DUAL)
EIL,B67V,PIPE,SEAMLESS,BE,6,6,10S,B-36.19,ASTM A790(UNS32205/31803 DUAL)
EIL,B67V,PIPE,SEAMLESS,BE,8,8,6.35MM,B-36.19,ASTM A790(UNS32205/31803 DUAL)
EIL,B67V,PIPE,EFSW,BE,12,14,6.35MM,B-36.19,ASTM A790(UNS32205/31803 DUAL)
EIL,D1A,PIPE,SEAMLESS,PE,0.5,0.75,S160,B-36.10,ASTM A 106 GR.B
EIL,D1A,PIPE,SEAMLESS,PE,1,1.5,XS,B-36.10,ASTM A 106 GR.B
EIL,D1A,PIPE,SEAMLESS,BE,2,2,XS,B-36.10,ASTM A 106 GR.B
EIL,D1A,PIPE,SEAMLESS,BE,3,3,STD,B-36.10,ASTM A 106 GR.B
EIL,D1A,PIPE,SEAMLESS,BE,4,8,XS,B-36.10,ASTM A 106 GR.B
EIL,D1A,PIPE,SEAMLESS,BE,10,14,CALC,B-36.10,ASTM A 106 GR.B
EIL,D1A,PIPE,EFSW,BE,16,24,CALC,B-36.10,A672GR.B60 CL.12
EIL,D2A,PIPE,SEAMLESS,PE,0.5,0.75,S160,B-36.10,ASTM A 106 GR.B
EIL,D2A,PIPE,SEAMLESS,PE,1,1.5,XS,B-36.10,ASTM A 106 GR.B
EIL,D2A,PIPE,SEAMLESS,BE,2,2,XS,B-36.10,ASTM A 106 GR.B
EIL,D2A,PIPE,SEAMLESS,BE,3,3,STD,B-36.10,ASTM A 106 GR.B
EIL,D2A,PIPE,SEAMLESS,BE,4,8,XS,B-36.10,ASTM A 106 GR.B
EIL,D2A,PIPE,SEAMLESS,BE,10,12,XS,B-36.10,ASTM A 106 GR.B
EIL,D2A,PIPE,EFSW,BE,16,16,S60,B-36.10,A672GR.B60 CL.12
EIL,D2A,PIPE,EFSW,BE,18,24,CALC,B-36.10,A672GR.B60 CL.12
EIL,D4A,PIPE,SEAMLESS,PE,0.5,0.75,S160,B-36.10,ASTM A 333 GR.6
EIL,D4A,PIPE,SEAMLESS,PE,1,1.5,XS,B-36.10,ASTM A 333 GR.6
EIL,D4A,PIPE,SEAMLESS,BE,2,2,XS,B-36.10,ASTM A 333 GR.6
EIL,D4A,PIPE,SEAMLESS,BE,3,3,STD,B-36.10,ASTM A 333 GR.6
EIL,D4A,PIPE,SEAMLESS,BE,4,4,STD,B-36.10,ASTM A 333 GR.6
EIL,D4A,PIPE,SEAMLESS,BE,6,10,XS,B-36.10,ASTM A 333 GR.6
EIL,D4A,PIPE,SEAMLESS,BE,12,14,CALC,B-36.10,ASTM A 333 GR.6
EIL,D4A,PIPE,EFSW,BE,16,24,CALC,B-36.10,A671GR.CC60 CL.32
EIL,D5A,PIPE,SEAMLESS,PE,0.5,0.75,S160,B-36.10,ASTM A 106 GR.B
EIL,D5A,PIPE,SEAMLESS,PE,1,1.5,XS,B-36.10,ASTM A 106 GR.B
EIL,D5A,PIPE,SEAMLESS,BE,2,2,XS,B-36.10,ASTM A 106 GR.B
EIL,D5A,PIPE,SEAMLESS,BE,3,3,STD,B-36.10,ASTM A 106 GR.B
EIL,D5A,PIPE,SEAMLESS,BE,4,8,XS,B-36.10,ASTM A 106 GR.B
EIL,D5A,PIPE,SEAMLESS,BE,10,14,CALC,B-36.10,ASTM A 106 GR.B
EIL,D5A,PIPE,EFSW,BE,16,24,CALC,B-36.10,A672GR.B60 CL.32
EIL,D65A,PIPE,SEAMLESS,PE,0.5,1.5,S160,B-36.10,ASTM A 106 GR.B
EIL,D65A,PIPE,SEAMLESS,PE,2,2,S160,B-36.10,ASTM A 106 GR.B
EIL,D65A,PIPE,SEAMLESS,BE,3,8,XS,B-36.10,ASTM A 106 GR.B
EIL,D65A,PIPE,SEAMLESS,BE,10,10,S80,B-36.10,ASTM A 106 GR.B
EIL,D65A,PIPE,SEAMLESS,BE,12,14,S60,B-36.10,ASTM A 106 GR.B
EIL,D65A,PIPE,EFSW,BE,16,24,CALC,B-36.10,A672GR.B60 CL.32 (200 BHN MAX)
EIL,D66A,PIPE,SEAMLESS,PE,0.5,1.5,S160,B-36.10,ASTM A 106 GR.B
EIL,D66A,PIPE,SEAMLESS,BE,2,2,S160,B-36.10,ASTM A 106 GR.B
EIL,D66A,PIPE,SEAMLESS,BE,3,8,XS,B-36.10,ASTM A 106 GR.B
EIL,D66A,PIPE,SEAMLESS,BE,10,14,CALC,B-36.10,ASTM A 106 GR.B
EIL,D66A,PIPE,EFSW,BE,16,24,CALC,B-36.10,A672GR.B60 CL.32 (200 BHN MAX)
EIL,D67A,PIPE,SEAMLESS,PE,0.5,1.5,S160,B-36.10,ASTM A 106 GR.B
EIL,D67A,PIPE,SEAMLESS,BE,2,2,S160,B-36.10,ASTM A 106 GR.B
EIL,D67A,PIPE,SEAMLESS,BE,3,8,XS,B-36.10,ASTM A 106 GR.B
EIL,D67A,PIPE,SEAMLESS,BE,10,14,CALC,B-36.10,ASTM A 106 GR.B
EIL,D67A,PIPE,EFSW,BE,16,24,CALC,B-36.10,A672GR.B60 CL.32 (200 BHN MAX)
EIL,D9A,PIPE,SEAMLESS,PE,0.5,1.5,S160,B-36.10,ASTM A 106 GR.B
EIL,D9A,PIPE,SEAMLESS,BE,2,2,S160,B-36.10,ASTM A 106 GR.B
EIL,D9A,PIPE,SEAMLESS,BE,3,8,XS,B-36.10,ASTM A 106 GR.B
EIL,D9A,PIPE,SEAMLESS,BE,10,14,CALC,B-36.10,ASTM A 106 GR.B
EIL,D9A,PIPE,EFSW,BE,16,20,CALC,B-36.10,A672GR.B60 CL.12
EIL,D15D,PIPE,SEAMLESS,PE,0.5,0.75,S160,B-36.10,ASTM A 335 GR.P11
EIL,D15D,PIPE,SEAMLESS,PE,1,1.5,XS,B-36.10,ASTM A 335 GR.P11
EIL,D15D,PIPE,SEAMLESS,BE,2,8,XS,B-36.10,ASTM A 335 GR.P11
EIL,D15D,PIPE,SEAMLESS,BE,12,12,S60,B-36.10,ASTM A 335 GR.P11
EIL,D15D,PIPE,EFSW,BE,16,16,S60,B-36.10,ASTM A 691 GR.1.25CR CL.42
EIL,D25D,PIPE,SEAMLESS,PE,0.5,0.75,S160,B-36.10,ASTM A 335 GR.P11
EIL,D25D,PIPE,SEAMLESS,PE,1,1.5,XS,B-36.10,ASTM A 335 GR.P11
EIL,D25D,PIPE,SEAMLESS,BE,2,8,XS,B-36.10,ASTM A 335 GR.P11
EIL,D25D,PIPE,SEAMLESS,BE,10,14,CALC,B-36.10,ASTM A 335 GR.P11
EIL,D25D,PIPE,EFSW,BE,16,24,CALC,B-36.10,ASTM A 691 GR.1.25CR CL.42
EIL,D2D,PIPE,SEAMLESS,PE,0.5,0.75,S160,B-36.10,ASTM A 335 GR.P11
EIL,D2D,PIPE,SEAMLESS,PE,1,1.5,XS,B-36.10,ASTM A 335 GR.P11
EIL,D2D,PIPE,SEAMLESS,BE,2,8,XS,B-36.10,ASTM A 335 GR.P11
EIL,D2D,PIPE,SEAMLESS,BE,10,10,XS,B-36.10,ASTM A 335 GR.P11
EIL,D2D,PIPE,SEAMLESS,BE,12,14,S60,B-36.10,ASTM A 335 GR.P11
EIL,D2D,PIPE,EFSW,BE,16,24,S60,B-36.10,ASTM A 691 GR.1.25CR CL.42
EIL,D5D,PIPE,SEAMLESS,PE,0.5,0.75,S160,B-36.10,ASTM A 335 GR.P11
EIL,D5D,PIPE,SEAMLESS,PE,1,1.5,XS,B-36.10,ASTM A 335 GR.P11
EIL,D5D,PIPE,SEAMLESS,BE,2,8,XS,B-36.10,ASTM A 335 GR.P11
EIL,D5D,PIPE,SEAMLESS,BE,10,14,CALC,B-36.10,ASTM A 335 GR.P11
EIL,D5D,PIPE,EFSW,BE,16,24,CALC,B-36.10,ASTM A 691 GR.1.25CR CL.42
EIL,D65D,PIPE,SEAMLESS,PE,0.5,0.75,S160,B-36.10,ASTM A 335 GR.P11
EIL,D65D,PIPE,SEAMLESS,PE,1,1.5,XS,B-36.10,ASTM A 335 GR.P11
EIL,D65D,PIPE,SEAMLESS,BE,2,8,XS,B-36.10,ASTM A 335 GR.P11
EIL,D65D,PIPE,SEAMLESS,BE,10,10,S80,B-36.10,ASTM A 335 GR.P11
EIL,D65D,PIPE,EFSW,BE,16,24,CALC,B-36.10,ASTM A 691 GR.1.25CR CL.42
EIL,D1K,PIPE,SEAMLESS,PE,0.5,0.75,80S,B-36.19,ASTM A 312 TP304
EIL,D1K,PIPE,SEAMLESS,PE,1,1.5,40S,B-36.19,ASTM A 312 TP304
EIL,D1K,PIPE,SEAMLESS,BE,2,6,40S,B-36.19,ASTM A 312 TP304
EIL,D1K,PIPE,SEAMLESS,BE,8,8,CALC,B-36.19,ASTM A 312 TP304
EIL,D1K,PIPE,EFSW,BE,10,24,CALC,B-36.19,ASTM A 358 TP304 CL.1
EIL,D15M,PIPE,SEAMLESS,PE,0.5,0.75,80S,B-36.19,ASTM A 312 TP321
EIL,D15M,PIPE,SEAMLESS,PE,1,1.5,40S,B-36.19,ASTM A 312 TP321
EIL,D15M,PIPE,SEAMLESS,BE,2,2,80S,B-36.19,ASTM A 312 TP321
EIL,D15M,PIPE,SEAMLESS,BE,3,3,40S,B-36.19,ASTM A 312 TP321
EIL,D15M,PIPE,SEAMLESS,BE,4,4,40S,B-36.19,ASTM A 312 TP321
EIL,D15M,PIPE,SEAMLESS,BE,6,6,80S,B-36.19,ASTM A 312 TP321
EIL,D15M,PIPE,SEAMLESS,BE,8,8,80S,B-36.19,ASTM A 312 TP321
EIL,D15M,PIPE,EFSW,BE,12,12,80S,B-36.19,ASTM A 358 TP321 CL.1
EIL,D15M,PIPE,EFSW,BE,14,16,CALC,B-36.19,ASTM A 358 TP321 CL.1
EIL,E1A,PIPE,SEAMLESS,BE,0.5,0.75,S160,B-36.10,ASTM A 106 GR.B
EIL,E1A,PIPE,SEAMLESS,BE,1,1.5,XS,B-36.10,ASTM A 106 GR.B
EIL,E1A,PIPE,SEAMLESS,BE,2,3,XS,B-36.10,ASTM A 106 GR.B
EIL,E1A,PIPE,SEAMLESS,BE,4,8,S120,B-36.10,ASTM A 106 GR.B
EIL,E1A,PIPE,SEAMLESS,BE,10,14,CALC,B-36.10,ASTM A 106 GR.B
EIL,E1A,PIPE,EFSW,BE,16,24,CALC,B-36.10,A672GR.B60 CL.12
EIL,E2A,PIPE,SEAMLESS,BE,0.5,0.75,S160,B-36.10,ASTM A 106 GR.B
EIL,E2A,PIPE,SEAMLESS,BE,1,1.5,XS,B-36.10,ASTM A 106 GR.B
EIL,E2A,PIPE,SEAMLESS,BE,2,3,XS,B-36.10,ASTM A 106 GR.B
EIL,E2A,PIPE,SEAMLESS,BE,4,8,S120,B-36.10,ASTM A 106 GR.B
EIL,E2A,PIPE,SEAMLESS,BE,10,14,CALC,B-36.10,ASTM A 106 GR.B
EIL,E2A,PIPE,EFSW,BE,16,24,CALC,B-36.10,A672GR.B60 CL.12
EIL,E65A,PIPE,SEAMLESS,BE,0.5,3,S160,B-36.10,ASTM A 106 GR.B
EIL,E65A,PIPE,SEAMLESS,BE,4,8,S120,B-36.10,ASTM A 106 GR.B
EIL,E65A,PIPE,SEAMLESS,BE,10,14,CALC,B-36.10,ASTM A 106 GR.B
EIL,E65A,PIPE,EFSW,BE,16,24,CALC,B-36.10,A 672 GR.B60 CL.12
EIL,E66A,PIPE,SEAMLESS,BE,0.5,3,S160,B-36.10,ASTM A 106 GR.B
EIL,E66A,PIPE,SEAMLESS,BE,4,8,S120,B-36.10,ASTM A 106 GR.B
EIL,E66A,PIPE,SEAMLESS,BE,10,14,CALC,B-36.10,ASTM A 106 GR.B
EIL,E66A,PIPE,EFSW,BE,16,24,CALC,B-36.10,A 672 GR.B60 CL.12
EIL,E25D,PIPE,SEAMLESS,BE,0.5,0.5,XXS,B-36.10,ASTM A 335 GR.P11
EIL,E25D,PIPE,SEAMLESS,BE,0.75,3,S160,B-36.10,ASTM A 335 GR.P11
EIL,E25D,PIPE,SEAMLESS,BE,4,4,S120,B-36.10,ASTM A 335 GR.P11
EIL,E25D,PIPE,SEAMLESS,BE,6,6,S120,B-36.10,ASTM A 335 GR.P11
EIL,E25D,PIPE,SEAMLESS,BE,8,8,S120,B-36.10,ASTM A 335 GR.P11
EIL,E25D,PIPE,SEAMLESS,BE,10,14,CALC,B-36.10,ASTM A 335 GR.P11
EIL,E5D,PIPE,SEAMLESS,BE,0.5,0.75,S160,B-36.10,ASTM A 335 GR.P11
EIL,E5D,PIPE,SEAMLESS,BE,1,1.5,XS,B-36.10,ASTM A 335 GR.P11
EIL,E5D,PIPE,SEAMLESS,BE,2,2,6.35,B-36.10,ASTM A 335 GR.P11
EIL,E5D,PIPE,SEAMLESS,BE,3,3,S80,B-36.10,ASTM A 335 GR.P11
EIL,E5D,PIPE,SEAMLESS,BE,4,8,S120,B-36.10,ASTM A 335 GR.P11
EIL,E5D,PIPE,SEAMLESS,BE,10,14,S80,B-36.10,ASTM A 335 GR.P11
EIL,E5D,PIPE,EFSW,BE,16,24,S80,B-36.10,ASTM A 691 GR.1.25CR CL.42
EIL,E5E,PIPE,SEAMLESS,BE,0.5,0.75,S160,B-36.10,ASTM A 335 GR.P22
EIL,E5E,PIPE,SEAMLESS,BE,1,1.5,XS,B-36.10,ASTM A 335 GR.P22
EIL,E5E,PIPE,SEAMLESS,BE,2,2,S160,B-36.10,ASTM A 335 GR.P22
EIL,E5E,PIPE,SEAMLESS,BE,3,3,XS,B-36.10,ASTM A 335 GR.P22
EIL,E5E,PIPE,SEAMLESS,BE,4,8,S120,B-36.10,ASTM A 335 GR.P22
EIL,E5E,PIPE,SEAMLESS,BE,10,14,CALC,B-36.10,ASTM A 335 GR.P22
EIL,E5E,PIPE,EFSW,BE,16,24,CALC,B-36.10,ASTM A 691 GR.2.25CR CL.42
EIL,E15M,PIPE,SEAMLESS,BE,0.5,4,80S,B-36.19,ASTM A 312 TP321
EIL,E15M,PIPE,SEAMLESS,BE,6,8,CALC,B-36.19,ASTM A 312 TP321
EIL,E15M,PIPE,EFSW,BE,10,18,CALC,B-36.19,ASTM A 358 TP321 CL.1
EIL,F1A,PIPE,SEAMLESS,BE,0.5,3,S160,B-36.10,ASTM A 106 GR.B
EIL,F1A,PIPE,SEAMLESS,BE,4,4,S160,B-36.10,ASTM A 106 GR.B
EIL,F1A,PIPE,SEAMLESS,BE,6,14,CALC,B-36.10,ASTM A 106 GR.B
EIL,F1A,PIPE,EFSW,BE,16,24,CALC,B-36.10,A672GR.B60 CL.12
EIL,F5A,PIPE,SEAMLESS,BE,0.5,3,S160,B-36.10,ASTM A 106 GR.B
EIL,F5A,PIPE,SEAMLESS,BE,6,14,CALC,B-36.10,ASTM A 106 GR.B
EIL,F5A,PIPE,EFSW,BE,16,24,CALC,B-36.10,A672GR.B60 CL.32
EIL,F65A,PIPE,SEAMLESS,BE,0.5,3,XXS,B-36.10,ASTM A 106 GR.B
EIL,F65A,PIPE,SEAMLESS,BE,6,14,CALC,B-36.10,ASTM A 106 GR.B
EIL,F65A,PIPE,EFSW,BE,16,24,CALC,B-36.10,A672GR.B60 CL.12
EIL,F2D,PIPE,SEAMLESS,BE,0.5,2,S160,B-36.10,ASTM A 335 GR.P11
EIL,F2D,PIPE,SEAMLESS,BE,3,3,S160,B-36.10,ASTM A 335 GR.P11
EIL,F2D,PIPE,SEAMLESS,BE,4,4,XXS,B-36.10,ASTM A 335 GR.P11
EIL,F2D,PIPE,SEAMLESS,BE,6,6,S160,B-36.10,ASTM A 335 GR.P11
EIL,F2D,PIPE,SEAMLESS,BE,8,8,S140,B-36.10,ASTM A 335 GR.P11
EIL,F2D,PIPE,SEAMLESS,BE,10,10,XXS,B-36.10,ASTM A 335 GR.P11
EIL,F2D,PIPE,SEAMLESS,BE,14,14,S140,B-36.10,ASTM A 335 GR.P11
EIL,F2D,PIPE,EFSW,BE,16,24,CALC,B-36.10,ASTM A 691 GR.1.25CR CL.42
EIL,F5D,PIPE,SEAMLESS,BE,0.5,2,S160,B-36.10,ASTM A 335 GR.P11
EIL,F5D,PIPE,SEAMLESS,BE,3,3,S160,B-36.10,ASTM A 335 GR.P11
EIL,F5D,PIPE,SEAMLESS,BE,4,4,XXS,B-36.10,ASTM A 335 GR.P11
EIL,F5D,PIPE,SEAMLESS,BE,6,14,CALC,B-36.10,ASTM A 335 GR.P11
EIL,F5D,PIPE,EFSW,BE,16,24,CALC,B-36.10,ASTM A 691 GR.1.25CR CL.42
EIL,F25M,PIPE,SEAMLESS,BE,0.5,0.5,4.78MM,B-36.19,ASTM A 312TP321H
EIL,F25M,PIPE,SEAMLESS,BE,0.75,0.75,5.6MM,B-36.19,ASTM A 312TP321H
EIL,F25M,PIPE,SEAMLESS,BE,1,1,6.35MM,B-36.19,ASTM A 312TP321H
EIL,F25M,PIPE,SEAMLESS,BE,1.5,1.5,7.14MM,B-36.19,ASTM A 312TP321H
EIL,F25M,PIPE,SEAMLESS,BE,2,2,8.74MM,B-36.19,ASTM A 312TP321H
EIL,F25M,PIPE,SEAMLESS,BE,3,3,11.1MM,B-36.19,ASTM A 312TP321H
EIL,F25M,PIPE,SEAMLESS,BE,4,4,13.5MM,B-36.19,ASTM A 312TP321H
EIL,F15M,PIPE,SEAMLESS,BE,0.5,0.5,4.78MM,B-36.19,ASTM A 312 TP321
EIL,F15M,PIPE,SEAMLESS,BE,0.75,0.75,5.5MM,B-36.19,ASTM A 312 TP321
EIL,F15M,PIPE,SEAMLESS,BE,1,1,6.35MM,B-36.19,ASTM A 312 TP321
EIL,F15M,PIPE,SEAMLESS,BE,1.5,1.5,7.14MM,B-36.19,ASTM A 312 TP321
EIL,F15M,PIPE,SEAMLESS,BE,2,2,8.74MM,B-36.19,ASTM A 312 TP321
EIL,F15M,PIPE,SEAMLESS,BE,3,3,15.2MM,B-36.19,ASTM A 312 TP321
EIL,F15M,PIPE,SEAMLESS,BE,4,4,17.1MM,B-36.19,ASTM A 312 TP321
EIL,F15M,PIPE,SEAMLESS,BE,6,6,12MM,B-36.19,ASTM A 312 TP321
EIL,F15M,PIPE,SEAMLESS,BE,8,8,18MM,B-36.19,ASTM A 312 TP321
EIL,F15M,PIPE,SEAMLESS,BE,10,10,22MM,B-36.19,ASTM A 312 TP321
EIL,F15M,PIPE,SEAMLESS,PBE,12,12,25MM,B-36.19,ASTM A 312 TP321
EIL,J2A,PIPE,SEAMLESS,SCRM,0.5,0.75,S160,B-36.10,ASTM A 53 GR.B TYPE.S (GALV)
EIL,J2A,PIPE,SEAMLESS,SCRM,1,2,XS,B-36.10,ASTM A 53 GR.B TYPE.S (GALV)
EIL,J2A,PIPE,SEAMLESS,SCRM,3,4,STD,B-36.10,ASTM A 53 GR.B TYPE.S (GALV)
EIL,J2A,PIPE,SEAMLESS,BE,6,14,STD,B-36.10,ASTM A 53 GR.B TYPE.S (GALV)
EIL,J92A,PIPE,SEAMLESS,SCRM,0.5,0.75,S160,B-36.10,ASTM A 53 GR.B TYPE.S (GALV)
EIL,J92A,PIPE,SEAMLESS,SCRM,1,2,XS,B-36.10,ASTM A 53 GR.B TYPE.S (GALV)
EIL,J92A,PIPE,SEAMLESS,SCRM,3,4,STD,B-36.10,ASTM A 53 GR.B TYPE.S (GALV)
EIL,J92A,PIPE,SEAMLESS,BE,6,6,STD,B-36.10,ASTM A 53 GR.B TYPE.S (GALV)
EIL,J92A,PIPE,EFSW,BE,8,14,STD,B-36.10,API 5L GR.B(GALV)
EIL,A33A,PIPE,C.WELDED,PE,0.5,1.5,HVY,IS-1239-I,IS-1239 (BLACK)
EIL,A33A,PIPE,C.WELDED,BE,2,6,HVY,IS-1239-I,IS-1239 (BLACK)
EIL,A33A,PIPE,WELDED,BE,8,18,6mm,IS-3589,IS-3589 GR.410
EIL,A33A,PIPE,WELDED,BE,20,20,6mm,IS-3589,IS-3589 GR.410
EIL,A33A,PIPE,WELDED,BE,24,28,8mm,IS-3589,IS-3589 GR.410
EIL,A33A,PIPE,WELDED,BE,30,30,8mm,IS-3589,IS-3589 GR.410
EIL,A33A,PIPE,WELDED,BE,32,38,10mm,IS-3589,IS-3589 GR.410
EIL,A33A,PIPE,WELDED,BE,40,46,12mm,IS-3589,IS-3589 GR.410
EIL,A33A,PIPE,WELDED,BE,42,46,12mm,IS-3589,IS-3589 GR.410
EIL,A33A,PIPE,WELDED,BE,48,48,12mm,IS-3589,IS-3589 GR.410
EIL,A6A,PIPE,SEAMLESS,BE,0.75,1,S160,B-36.10,ASTM A 106 GR.B
EIL,A6A,PIPE,SEAMLESS,PE,1.5,1.5,XS,B-36.10,ASTM A 106 GR.B
EIL,A6A,PIPE,SEAMLESS,BE,2,2,XS,B-36.10,ASTM A 106 GR.B
EIL,A6A,PIPE,SEAMLESS,BE,3,4,STD,B-36.10,ASTM A 106 GR.B
EIL,A6A,PIPE,SEAMLESS,BE,6,14,STD,B-36.10,ASTM A 106 GR.B
EIL,A6A,PIPE,EFSW,BE,16,20,STD,B-36.10,A672GR.B60 CL.12
EIL,A6A,PIPE,EFSW,BE,24,24,XS,B-36.10,A672GR.B60 CL.12
EIL,A8A,PIPE,SEAMLESS,PE,0.5,0.75,S160,B-36.10,ASTM A 106 GR.B
EIL,A8A,PIPE,SEAMLESS,PE,1,1.5,XS,B-36.10,ASTM A 106 GR.B
EIL,A8A,PIPE,SEAMLESS,BE,2,2,XS,B-36.10,ASTM A 106 GR.B
EIL,A8A,PIPE,SEAMLESS,BE,3,6,STD,B-36.10,ASTM A 106 GR.B
EIL,A1B,PIPE,SEAMLESS,PE,0.5,0.75,S160,B-36.10,ASTM A 335 GR.P1
EIL,A1B,PIPE,SEAMLESS,PE,1,1.5,XS,B-36.10,ASTM A 335 GR.P1
EIL,A1B,PIPE,SEAMLESS,BE,2,2,XS,B-36.10,ASTM A 335 GR.P1
EIL,A1B,PIPE,SEAMLESS,BE,3,14,STD,B-36.10,ASTM A 335 GR.P1
EIL,A1B,PIPE,EFSW,BE,16,24,STD,B-36.10,ASTM A 691 GR.CM65 CL.12
EIL,A1D,PIPE,SEAMLESS,PE,0.5,0.75,S160,B-36.10,ASTM A 335 GR.P11
EIL,A1D,PIPE,SEAMLESS,PE,1,1.5,XS,B-36.10,ASTM A 335 GR.P11
EIL,A1D,PIPE,SEAMLESS,BE,2,2,XS,B-36.10,ASTM A 335 GR.P11
EIL,A1D,PIPE,SEAMLESS,BE,3,14,STD,B-36.10,ASTM A 335 GR.P11
EIL,A1D,PIPE,EFSW,BE,16,24,STD,B-36.10,ASTM A 691 GR.1.25CR CL.42
EIL,A4F,PIPE,SEAMLESS,PE,0.5,0.75,S160,B-36.10,ASTM A 335 GR.P5
EIL,A4F,PIPE,SEAMLESS,PE,1,1.5,XS,B-36.10,ASTM A 335 GR.P5
EIL,A4F,PIPE,SEAMLESS,BE,2,2,XS,B-36.10,ASTM A 335 GR.P5
EIL,A4F,PIPE,SEAMLESS,BE,3,14,STD,B-36.10,ASTM A 335 GR.P5
EIL,A4F,PIPE,EFSW,BE,16,24,STD,B-36.10,ASTM A 691 GR.5 CR CL.42
EIL,A4G,PIPE,SEAMLESS,PE,0.5,0.75,S160,B-36.10,ASTM A 335 GR.P9
EIL,A4G,PIPE,SEAMLESS,PE,1,1.5,XS,B-36.10,ASTM A 335 GR.P9
EIL,A4G,PIPE,SEAMLESS,BE,2,2,XS,B-36.10,ASTM A 335 GR.P9
EIL,A4G,PIPE,SEAMLESS,BE,3,14,STD,B-36.10,ASTM A 335 GR.P9
EIL,A4G,PIPE,EFSW,BE,16,24,STD,B-36.10,ASTM A 691 GR.9 CR CL.42
EIL,A2K,PIPE,SEAMLESS,PE,0.5,0.75,80S,B-36.19,ASTM A 312 TP304
EIL,A2K,PIPE,SEAMLESS,PE,1,1.5,40S,B-36.19,ASTM A 312 TP304
EIL,A2K,PIPE,SEAMLESS,BE,2,2,40S,B-36.19,ASTM A 312 TP304
EIL,A2K,PIPE,SEAMLESS,BE,3,8,10S,B-36.19,ASTM A 312 TP304
EIL,A2K,PIPE,EFSW,BE,10,24,10S,B-36.19,ASTM A 358 TP304 CL.1
EIL,A1M,PIPE,SEAMLESS,PE,0.5,0.75,80S,B-36.19,ASTM A 312 TP316
EIL,A1M,PIPE,SEAMLESS,PE,1,1.5,40S,B-36.19,ASTM A 312 TP316
EIL,A1M,PIPE,SEAMLESS,BE,2,2,40S,B-36.19,ASTM A 312 TP316
EIL,A1M,PIPE,SEAMLESS,BE,3,8,10S,B-36.19,ASTM A 312 TP316
EIL,A1M,PIPE,EFSW,BE,10,24,10S,B-36.19,ASTM A 358 TP316 CL.1
EIL,A3Y,PIPE,SEAMLESS,PE,1,1.5,XS,B-36.10,API 5L GR.B PSL1(RUB. LINED)
EIL,A3Y,PIPE,SEAMLESS,PE,2,6,STD,B-36.10,API 5L GR.B PSL1(RUB. LINED)
EIL,A3Y,PIPE,ERW,PE,8,12,S20,B-36.10,API 5L GR.B PSL1(RUB. LINED)
EIL,A4Y,PIPE,SEAMLESS,PE,1,1.5,XS,B-36.10,API 5L GR.B PSL1(RUB. LINED)
EIL,A4Y,PIPE,SEAMLESS,PE,2,6,STD,B-36.10,API 5L GR.B PSL1(RUB. LINED)
EIL,A4Y,PIPE,ERW,PE,8,12,S20,B-36.10,API 5L GR.B PSL1(RUB. LINED)
EIL,A5Y,PIPE,SEAMLESS,PE,0.5,0.75,S160,B-36.10,ASTM A 106 GR.B
EIL,A5Y,PIPE,SEAMLESS,PE,1,1.5,XS,B-36.10,ASTM A 106 GR.B
EIL,A5Y,PIPE,SEAMLESS,BE,2,2,XS,B-36.10,ASTM A 106 GR.B
EIL,A5Y,PIPE,SEAMLESS,BE,2.5,2.5,STD,B-36.10,ASTM A 106 GR.B
EIL,A5Y,PIPE,C.WELDED,PE,3,6,HVY,IS-1239-I,IS-1239 (BLACK)
EIL,A5Y,PIPE,WELDED,PE,8,12,6MM,IS-3589,IS-3589 GR.330
EIL,A5Y,PIPE,WELDED,PE,14,18,8MM,IS-3589,IS-3589 GR.330
EIL,A5Y,PIPE,WELDED,PE,20,24,10MM,IS-3589,IS-3589 GR.330
EIL,A5Y,PIPE,WELDED,PE,26,48,12MM,IS-3589,IS-3589 GR.330
EIL,A5Y,PIPE,WELDED,PE,50,60,14MM,IS-3589,IS-3589 GR.330
EIL,A33Y,PIPE,SEAMLESS,PE,0.5,0.75,S160,B-36.10,ASTM A 106 GR.B
EIL,A33Y,PIPE,SEAMLESS,PE,1,1.5,XS,B-36.10,ASTM A 106 GR.B
EIL,A33Y,PIPE,SEAMLESS,BE,2,2,XS,B-36.10,ASTM A 106 GR.B
EIL,A33Y,PIPE,SEAMLESS,BE,2.5,2.5,STD,B-36.10,ASTM A 106 GR.B
EIL,A33Y,PIPE,C.WELDED,PE,3,6,HVY,IS-1239-I,IS-1239 (BLACK)
EIL,A33Y,PIPE,WELDED,BE,8,18,6MM,IS-3589,IS-3589 GR.410
EIL,A33Y,PIPE,WELDED,BE,20,20,6MM,IS-3589,IS-3589 GR.410
EIL,A33Y,PIPE,WELDED,BE,24,28,8MM,IS-3589,IS-3589 GR.410
EIL,A33Y,PIPE,WELDED,BE,30,30,8MM,IS-3589,IS-3589 GR.410
EIL,A33Y,PIPE,WELDED,BE,32,38,10MM,IS-3589,IS-3589 GR.410
EIL,A33Y,PIPE,WELDED,BE,40,46,12MM,IS-3589,IS-3589 GR.410
EIL,A33Y,PIPE,WELDED,BE,48,48,12MM,IS-3589,IS-3589 GR.410
EIL,A1Z,PIPE,SEAMLESS,PE,0.5,12,9.3MM,D-3035 ,ASTM D3035 GR.PE 3406 CL.C
EIL,A4Z,PIPE,SEAMLESS,PE,0.5,8,9.3MM,D-3035 ,ASTM D3035 GR.PE 3406 CL.C
EIL,A5Z,PIPE,SEAMLESS,PE,0.5,8,9.3MM,D-3035 ,ASTM D3035 GR.PE 3406 CL.C
EIL,B6A,PIPE,SEAMLESS,PE,0.5,0.5,XXS,B-36.10,ASTM A 106 GR.B
EIL,B6A,PIPE,SEAMLESS,PE,0.75,0.75,S160,B-36.10,ASTM A 106 GR.B
EIL,B6A,PIPE,SEAMLESS,PE,1,1.5,S160,B-36.10,ASTM A 106 GR.B
EIL,B6A,PIPE,SEAMLESS,BE,2,2,S160,B-36.10,ASTM A 106 GR.B
EIL,B6A,PIPE,SEAMLESS,BE,3,12,XS,B-36.10,ASTM A 106 GR.B
EIL,B6A,PIPE,SEAMLESS,BE,14,14,XS,B-36.10,ASTM A 106 GR.B
EIL,B6A,PIPE,EFSW,BE,16,24,CALC,B-36.10,ASTM A 672 GR.B60 CL.12
EIL,B32A,PIPE,SEAMLESS,PE,0.5,1.5,XS,B-36.10,ASTM A 106 GR.B
EIL,B32A,PIPE,SEAMLESS,BE,2,2,XS,B-36.10,ASTM A 106 GR.B
EIL,B32A,PIPE,SEAMLESS,BE,3,3,STD,B-36.10,ASTM A 106 GR.B
EIL,B1B,PIPE,SEAMLESS,PE,0.5,0.75,S160,B-36.10,ASTM A 335 GR.P1
EIL,B1B,PIPE,SEAMLESS,PE,1,1.5,XS,B-36.10,ASTM A 335 GR.P1
EIL,B1B,PIPE,SEAMLESS,BE,2,2,XS,B-36.10,ASTM A 335 GR.P1
EIL,B1B,PIPE,SEAMLESS,BE,3,14,STD,B-36.10,ASTM A 335 GR.P1
EIL,B1B,PIPE,EFSW,BE,16,18,XS,B-36.10,ASTM A 691 GR.CM65 CL.12
EIL,B1B,PIPE,EFSW,BE,20,20,XS,B-36.10,ASTM A 691 GR.CM65 CL.12
EIL,B1B,PIPE,EFSW,BE,24,24,CALC,B-36.10,ASTM A 691 GR.CM65 CL.12
EIL,B1E,PIPE,SEAMLESS,PE,0.5,0.75,S160,B-36.10,ASTM A 335 GR.P22
EIL,B1E,PIPE,SEAMLESS,PE,1,1.5,XS,B-36.10,ASTM A 335 GR.P22
EIL,B1E,PIPE,SEAMLESS,BE,2,2,XS,B-36.10,ASTM A 335 GR.P22
EIL,B1E,PIPE,SEAMLESS,BE,3,12,STD,B-36.10,ASTM A 335 GR.P22
EIL,B1E,PIPE,SEAMLESS,BE,14,14,XS,B-36.10,ASTM A 335 GR.P22
EIL,B1E,PIPE,EFSW,BE,16,18,XS,B-36.10,ASTM A 691 GR.2.25CR CL.42
EIL,B1E,PIPE,EFSW,BE,20,24,CALC,B-36.10,ASTM A 691 GR.2.25CR CL.42
EIL,B3F,PIPE,SEAMLESS,PE,0.5,1.5,XXS,B-36.10,ASTM A 335 GR.P5
EIL,B3F,PIPE,SEAMLESS,BE,2,3,S160,B-36.10,ASTM A 335 GR.P5
EIL,B3F,PIPE,SEAMLESS,BE,4,4,S120,B-36.10,ASTM A 335 GR.P5
EIL,B3F,PIPE,SEAMLESS,BE,6,8,XS,B-36.10,ASTM A 335 GR.P5
EIL,B3F,PIPE,SEAMLESS,BE,10,10,XS,B-36.10,ASTM A 335 GR.P5
EIL,B3F,PIPE,SEAMLESS,BE,12,12,S60,B-36.10,ASTM A 335 GR.P5
EIL,B3F,PIPE,SEAMLESS,BE,14,14,S60,B-36.10,ASTM A 335 GR.P5
EIL,B3F,PIPE,EFSW,BE,16,24,CALC,B-36.10,ASTM A 691 GR.5 CR CL.42
EIL,B4G,PIPE,SEAMLESS,PE,0.5,0.75,S160,B-36.10,ASTM A 335 GR.P9
EIL,B4G,PIPE,SEAMLESS,PE,1,1.5,XS,B-36.10,ASTM A 335 GR.P9
EIL,B4G,PIPE,SEAMLESS,BE,2,2,XS,B-36.10,ASTM A 335 GR.P9
EIL,B4G,PIPE,SEAMLESS,BE,3,6,STD,B-36.10,ASTM A 335 GR.P9
EIL,B4G,PIPE,SEAMLESS,BE,8,14,XS,B-36.10,ASTM A 335 GR.P9
EIL,B4G,PIPE,EFSW,BE,16,16,XS,B-36.10,ASTM A 691 GR9CR CL.42
EIL,B4G,PIPE,EFSW,BE,18,24,CALC,B-36.10,ASTM A 691 GR9CR CL.42
EIL,B2K,PIPE,SEAMLESS,PE,0.5,0.75,80S,B-36.19,ASTM A 312 TP304
EIL,B2K,PIPE,SEAMLESS,PE,1,1.5,40S,B-36.19,ASTM A 312 TP304
EIL,B2K,PIPE,SEAMLESS,BE,2,2,40S,B-36.19,ASTM A 312 TP304
EIL,B2K,PIPE,SEAMLESS,BE,3,4,10S,B-36.19,ASTM A 312 TP304
EIL,B2K,PIPE,SEAMLESS,BE,6,6,10S,B-36.19,ASTM A 312 TP304
EIL,B2K,PIPE,SEAMLESS,BE,8,8,6.35MM,B-36.19,ASTM A 312 TP304
EIL,B2K,PIPE,EFSW,BE,10,10,6.35MM,B-36.19,ASTM A 358 TP304 CL.1
EIL,B2K,PIPE,EFSW,BE,12,12,8.38MM,B-36.19,ASTM A 358 TP304 CL.1
EIL,B2K,PIPE,EFSW,BE,14,14,7.92MM,B-36.19,ASTM A 358 TP304 CL.1
EIL,B2K,PIPE,EFSW,BE,16,18,40S,B-36.19,ASTM A 358 TP304 CL.1
EIL,B2K,PIPE,EFSW,BE,20,24,CALC,B-36.19,ASTM A 358 TP304 CL.1
EIL,B4K,PIPE,SEAMLESS,PE,0.5,0.75,80S,B-36.19,ASTM A 312 TP304H
EIL,B4K,PIPE,SEAMLESS,PE,1,1.5,40S,B-36.19,ASTM A 312 TP304H
EIL,B4K,PIPE,SEAMLESS,BE,2,6,40S,B-36.19,ASTM A 312 TP304H
EIL,B4K,PIPE,SEAMLESS,BE,8,8,6.35MM,B-36.19,ASTM A 312 TP304H
EIL,B4K,PIPE,SEAMLESS,BE,10,10,7.8MM,B-36.19,ASTM A 312 TP304H
EIL,B4K,PIPE,SEAMLESS,BE,12,12,8.38MM,B-36.19,ASTM A 312 TP304H
EIL,B4K,PIPE,SEAMLESS,BE,14,14,40S,B-36.19,ASTM A 312 TP304H
EIL,B4K,PIPE,SEAMLESS,BE,16,24,CALC,B-36.19,ASTM A 312 TP304H
EIL,B5K,PIPE,SEAMLESS,PE,0.5,0.75,80S,B-36.19,ASTM A 312 TP304H
EIL,B5K,PIPE,SEAMLESS,PE,1,1.5,80S,B-36.19,ASTM A 312 TP304H
EIL,B5K,PIPE,SEAMLESS,BE,2,2,80S,B-36.19,ASTM A 312 TP304H
EIL,B5K,PIPE,SEAMLESS,BE,3,10,40S,B-36.19,ASTM A 312 TP304H
EIL,B5K,PIPE,SEAMLESS,BE,12,12,10.3MM,B-36.19,ASTM A 312 TP304H
EIL,B5K,PIPE,SEAMLESS,BE,14,14,11.1MM,B-36.19,ASTM A 312 TP304H
EIL,B5K,PIPE,SEAMLESS,BE,16,24,CALC,B-36.19,ASTM A 312 TP304H
EIL,B1M,PIPE,SEAMLESS,PE,0.5,0.75,80S,B-36.19,ASTM A 312 TP316
EIL,B1M,PIPE,SEAMLESS,PE,1,1.5,40S,B-36.19,ASTM A 312 TP316
EIL,B1M,PIPE,SEAMLESS,BE,2,2,40S,B-36.19,ASTM A 312 TP316
EIL,B1M,PIPE,SEAMLESS,BE,3,4,10S,B-36.19,ASTM A 312 TP316
EIL,B1M,PIPE,SEAMLESS,BE,6,6,10S,B-36.19,ASTM A 312 TP316
EIL,B1M,PIPE,SEAMLESS,BE,8,8,6.35MM,B-36.19,ASTM A 312 TP316
EIL,B1M,PIPE,EFSW,BE,10,10,6.35MM,B-36.19,ASTM A 358 TP316 CL.1
EIL,B1M,PIPE,EFSW,BE,12,12,8.38MM,B-36.19,ASTM A 358 TP316 CL.1
EIL,B1M,PIPE,EFSW,BE,14,14,7.92MM,B-36.19,ASTM A 358 TP316 CL.1
EIL,B1M,PIPE,EFSW,BE,16,18,40S,B-36.19,ASTM A 358 TP316 CL.1
EIL,B1M,PIPE,EFSW,BE,20,24,CALC,B-36.19,ASTM A 358 TP316 CL.1
EIL,B5M,PIPE,SEAMLESS,PE,0.5,0.75,80S,B-36.19,ASTM A 312 TP316H
EIL,B5M,PIPE,SEAMLESS,PE,1,1.5,40S,B-36.19,ASTM A 312 TP316H
EIL,B5M,PIPE,SEAMLESS,BE,2,2,40S,B-36.19,ASTM A 312 TP316H
EIL,B5M,PIPE,SEAMLESS,BE,3,4,10S,B-36.19,ASTM A 312 TP316H
EIL,B5M,PIPE,SEAMLESS,BE,6,6,10S,B-36.19,ASTM A 312 TP316H
EIL,B5M,PIPE,SEAMLESS,BE,8,10,6.35MM,B-36.19,ASTM A 312 TP316H
EIL,B5M,PIPE,SEAMLESS,BE,12,12,8.38MM,B-36.19,ASTM A 312 TP316H
EIL,B5M,PIPE,SEAMLESS,BE,14,14,7.92MM,B-36.19,ASTM A 312 TP316H
EIL,B5M,PIPE,SEAMLESS,BE,16,18,40S,B-36.19,ASTM A 312 TP316H
EIL,B5M,PIPE,SEAMLESS,BE,20,24,CALC,B-36.19,ASTM A 312 TP316H
EIL,B6N,PIPE,SEAMLESS,PE,0.5,0.75,80S,B-36.19,ASTM A 312 TP316L
EIL,B6N,PIPE,SEAMLESS,PE,1,1.5,40S,B-36.19,ASTM A 312 TP316L
EIL,B6N,PIPE,SEAMLESS,BE,2,2,40S,B-36.19,ASTM A 312 TP316L
EIL,B6N,PIPE,SEAMLESS,BE,3,4,10S,B-36.19,ASTM A 312 TP316L
EIL,B6N,PIPE,SEAMLESS,BE,6,6,10S,B-36.19,ASTM A 312 TP316L
EIL,B6N,PIPE,SEAMLESS,BE,8,8,6.35MM,B-36.19,ASTM A 312 TP316L
EIL,B6N,PIPE,EFSW,BE,10,10,6.35MM,B-36.19,ASTM A 358 TP316L CL.1
EIL,B6N,PIPE,EFSW,BE,12,12,8.38MM,B-36.19,ASTM A 358 TP316L CL.1
EIL,B6N,PIPE,EFSW,BE,14,14,7.92MM,B-36.19,ASTM A 358 TP316L CL.1
EIL,B6N,PIPE,EFSW,BE,16,18,40S,B-36.19,ASTM A 358 TP316L CL.1
EIL,B6N,PIPE,EFSW,BE,20,24,CALC,B-36.19,ASTM A 358 TP316L CL.1
EIL,D1B,PIPE,SEAMLESS,PE,0.5,0.75,S160,B-36.10,ASTM A 335 GR.P1
EIL,D1B,PIPE,SEAMLESS,PE,1,1.5,XS,B-36.10,ASTM A 335 GR.P1
EIL,D1B,PIPE,SEAMLESS,BE,2,2,XS,B-36.10,ASTM A 335 GR.P1
EIL,D1B,PIPE,SEAMLESS,BE,3,3,STD,B-36.10,ASTM A 335 GR.P1
EIL,D1B,PIPE,SEAMLESS,BE,4,8,XS,B-36.10,ASTM A 335 GR.P1
EIL,D1B,PIPE,SEAMLESS,BE,10,14,CALC,B-36.10,ASTM A 335 GR.P1
EIL,D1B,PIPE,EFSW,BE,16,24,CALC,B-36.10,ASTM A 691 GR.CM65 CL.12
EIL,D2B,PIPE,SEAMLESS,PE,0.5,0.75,S160,B-36.10,ASTM A 335 GR.P1
EIL,D2B,PIPE,SEAMLESS,PE,1,1.5,XS,B-36.10,ASTM A 335 GR.P1
EIL,D2B,PIPE,SEAMLESS,BE,2,2,XS,B-36.10,ASTM A 335 GR.P1
EIL,D2B,PIPE,SEAMLESS,BE,3,3,STD,B-36.10,ASTM A 335 GR.P1
EIL,D2B,PIPE,SEAMLESS,BE,4,8,XS,B-36.10,ASTM A 335 GR.P1
EIL,D2B,PIPE,SEAMLESS,BE,10,14,CALC,B-36.10,ASTM A 335 GR.P1
EIL,D2B,PIPE,EFSW,BE,16,24,CALC,B-36.10,ASTM A 691 GR.CM65 CL.12
EIL,D1D,PIPE,SEAMLESS,PE,0.5,0.75,S160,B-36.10,ASTM A 335 GR.P11
EIL,D1D,PIPE,SEAMLESS,PE,1,1.5,XS,B-36.10,ASTM A 335 GR.P11
EIL,D1D,PIPE,SEAMLESS,BE,2,8,XS,B-36.10,ASTM A 335 GR.P11
EIL,D1D,PIPE,SEAMLESS,BE,10,14,CALC,B-36.10,ASTM A 335 GR.P11
EIL,D1D,PIPE,EFSW,BE,16,24,CALC,B-36.10,ASTM A 691 GR.1.25CR CL.42
EIL,D5E,PIPE,SEAMLESS,PE,0.5,0.75,S160,B-36.10,ASTM A 335 GR.P22
EIL,D5E,PIPE,SEAMLESS,PE,1,1.5,XS,B-36.10,ASTM A 335 GR.P22
EIL,D5E,PIPE,SEAMLESS,BE,2,8,XS,B-36.10,ASTM A 335 GR.P22
EIL,D5E,PIPE,SEAMLESS,BE,10,14,CALC,B-36.10,ASTM A 335 GR.P22
EIL,D5E,PIPE,EFSW,BE,16,24,CALC,B-36.10,ASTM A 691 GR.2.25CR CL.42
EIL,D2K,PIPE,SEAMLESS,PE,0.5,0.75,80S,B-36.19,ASTM A 312 TP304
EIL,D2K,PIPE,SEAMLESS,PE,1,1.5,40S,B-36.19,ASTM A 312 TP304
EIL,D2K,PIPE,SEAMLESS,BE,2,6,40S,B-36.19,ASTM A 312 TP304
EIL,D2K,PIPE,SEAMLESS,BE,8,8,CALC,B-36.19,ASTM A 312 TP304
EIL,D2K,PIPE,EFSW,BE,10,24,CALC,B-36.19,ASTM A 358 TP304 CL.1
EIL,E5A,PIPE,SEAMLESS,BE,0.5,0.75,S160,B-36.10,ASTM A 106 GR.B
EIL,E5A,PIPE,SEAMLESS,BE,1,1.5,XS,B-36.10,ASTM A 106 GR.B
EIL,E5A,PIPE,SEAMLESS,BE,2,3,XS,B-36.10,ASTM A 106 GR.B
EIL,E5A,PIPE,SEAMLESS,BE,4,8,S120,B-36.10,ASTM A 106 GR.B
EIL,E5A,PIPE,SEAMLESS,BE,10,14,CALC,B-36.10,ASTM A 106 GR.B
EIL,E5A,PIPE,EFSW,BE,16,24,CALC,B-36.10,ASTM A 672 GR.B60 CL.12
EIL,F2A,PIPE,SEAMLESS,BE,0.5,4,S160,B-36.10,ASTM A 106 GR.B
EIL,F2A,PIPE,SEAMLESS,BE,6,14,CALC,B-36.10,ASTM A 106 GR.B
EIL,F2A,PIPE,EFSW,BE,16,24,CALC,B-36.10,ASTM A 672 GR.B60 CL.12
EIL,J3A,PIPE,WELDED,SCRM,0.5,1.5,HVY,S-1239-I,IS-1239 (GALV)
EIL,J5A,PIPE,SEAMLESS,SCRM,0.5,1.5,S80,B-36.10,API 5L GR.B(GALV)
EIL,J5A,PIPE,SEAMLESS,SCRM,2,2,S40,B-36.10,API 5L GR.B(GALV)
EIL,J5A,PIPE,C.WELDED,PE,3,6,HVY,IS-1239-I,IS-1239BLACK(CEMLINED)
EIL,J5A,PIPE,WELDED,PE,8,14,6MM,IS-3589,IS-3589 GR.330 (CEM.LINED)
EIL,J5A,PIPE,WELDED,PE,16,20,8MM,IS-3589,IS-3589 GR.330 (CEM.LINED)
EIL,J5A,PIPE,WELDED,PE,22,24,10MM,IS-3589,IS-3589 GR.330 (CEM.LINED)
EIL,A1A,PIPE,SEAMLESS,PE,0.5,0.75,S160,B-36.10,ASTM A 106 GR.B
EIL,A1A,PIPE,SEAMLESS,PE,1,1.5,XS,B-36.10,ASTM A 106 GR.B
EIL,A1A,PIPE,SEAMLESS,BE,2,2,XS,B-36.10,ASTM A 106 GR.B
EIL,A1A,PIPE,SEAMLESS,BE,3,14,STD,B-36.10,ASTM A 106 GR.B
EIL,A1A,PIPE,EFSW,BE,16,36,STD,B-36.10,A672GR.B60 CL.12
EIL,A1A,PIPE,EFSW,BE,40,48,XS,B-36.10,A672GR.B60 CL.12
EIL,A2A,PIPE,SEAMLESS,PE,0.5,0.75,S160,B-36.10,ASTM A 106 GR.B
EIL,A2A,PIPE,SEAMLESS,PE,1,1.5,XS,B-36.10,ASTM A 106 GR.B
EIL,A2A,PIPE,SEAMLESS,BE,2,2,XS,B-36.10,ASTM A 106 GR.B
EIL,A2A,PIPE,SEAMLESS,BE,3,14,STD,B-36.10,ASTM A 106 GR.B
EIL,A2A,PIPE,EFSW,BE,16,36,STD,B-36.10,A672GR.B60 CL.12
EIL,A3A,PIPE,C.WELDED,PE,0.5,1.5,HVY,IS-1239-I,IS-1239 (BLACK)
EIL,A3A,PIPE,C.WELDED,BE,2,6,HVY,IS-1239-I,IS-1239 (BLACK)
EIL,A3A,PIPE,WELDED,BE,8,12,6MM,IS-3589,IS-3589 GR.330
EIL,A3A,PIPE,WELDED,BE,14,18,8MM,IS-3589,IS-3589 GR.330
EIL,A3A,PIPE,WELDED,BE,20,24,10MM,IS-3589,IS-3589 GR.330
EIL,A3A,PIPE,WELDED,BE,26,48,12MM,IS-3589,IS-3589 GR.330
EIL,A3A,PIPE,WELDED,BE,50,60,14MM,IS-3589,IS-3589 GR.330
EIL,A3A,PIPE,WELDED,BE,64,72,16MM,IS-3589,IS-3589 GR.330
EIL,A3A,PIPE,WELDED,BE,76,80,18MM,IS-3589,IS-3589 GR.330
EIL,A10A,PIPE,SEAMLESS,PE,0.5,0.75,S160,B-36.10,ASTM A 106 GR.B
EIL,A10A,PIPE,SEAMLESS,PE,1,1.5,XS,B-36.10,ASTM A 106 GR.B
EIL,A10A,PIPE,SEAMLESS,BE,2,2,XS,B-36.10,ASTM A 106 GR.B
EIL,A10A,PIPE,SEAMLESS,BE,3,6,STD,B-36.10,ASTM A 106 GR.B
EIL,A10A,PIPE,WELDED,BE,8,12,S20,B-36.10,API 5L GR.B PSL1
EIL,A10A,PIPE,WELDED,BE,14,30,S10,B-36.10,API 5L GR.B PSL1
EIL,A10A,PIPE,WELDED,BE,32,36,STD,B-36.10,API 5L GR.B PSL1
EIL,A10A,PIPE,WELDED,BE,40,48,XS,B-36.10,API 5L GR.B PSL1
EIL,A19A,PIPE,SEAMLESS,PE,0.5,0.75,S160,B-36.10,ASTM A 106 GR.B
EIL,A19A,PIPE,SEAMLESS,PE,1,1.5,XS,B-36.10,ASTM A 106 GR.B
EIL,A19A,PIPE,SEAMLESS,BE,2,2,XS,B-36.10,ASTM A 106 GR.B
EIL,A19A,PIPE,SEAMLESS,BE,3,14,STD,B-36.10,ASTM A 106 GR.B
EIL,A19A,PIPE,EFSW,BE,16,26,STD,B-36.10,ASTM A 672 GR.B60 CL.22
EIL,A19A,PIPE,EFSW,BE,30,30,STD,B-36.10,ASTM A 672 GR.B60 CL.22
EIL,A19A,PIPE,EFSW,BE,32,36,CALC,B-36.10,ASTM A 672 GR.B60 CL.22
EIL,A1K,PIPE,SEAMLESS,PE,0.5,0.75,80S,B-36.10,ASTM A 312 TP304
EIL,A1K,PIPE,SEAMLESS,PE,1,1.5,40S,B-36.10,ASTM A 312 TP304
EIL,A1K,PIPE,SEAMLESS,BE,2,2,40S,B-36.10,ASTM A 312 TP304
EIL,A1K,PIPE,SEAMLESS,BE,3,8,10S,B-36.10,ASTM A 312 TP304
EIL,A1K,PIPE,EFSW,BE,10,24,10S,B-36.10,ASTM A 358 TP304 CL.1
EIL,B1A,PIPE,SEAMLESS,PE,0.5,0.75,S160,B-36.10,ASTM A 106 GR.B
EIL,B1A,PIPE,SEAMLESS,PE,1,1.5,XS,B-36.10,ASTM A 106 GR.B
EIL,B1A,PIPE,SEAMLESS,BE,2,2,XS,B-36.10,ASTM A 106 GR.B
EIL,B1A,PIPE,SEAMLESS,BE,3,14,STD,B-36.10,ASTM A 106 GR.B
EIL,B1A,PIPE,EFSW,BE,16,18,XS,B-36.10,A672GR.B60 CL.12
EIL,B1A,PIPE,EFSW,BE,20,20,XS,B-36.10,A672GR.B60 CL.12
EIL,B1A,PIPE,EFSW,BE,24,24,CALC,B-36.10,A672GR.B60 CL.12
EIL,B2A,PIPE,SEAMLESS,PE,0.5,0.75,S160,B-36.10,ASTM A 106 GR.B
EIL,B2A,PIPE,SEAMLESS,PE,1,1.5,XS,B-36.10,ASTM A 106 GR.B
EIL,B2A,PIPE,SEAMLESS,BE,2,2,XS,B-36.10,ASTM A 106 GR.B
EIL,B2A,PIPE,SEAMLESS,BE,3,14,STD,B-36.10,ASTM A 106 GR.B
EIL,B2A,PIPE,EFSW,BE,16,18,XS,B-36.10,A672GR.B60 CL.12
EIL,B2A,PIPE,EFSW,BE,20,20,XS,B-36.10,A672GR.B60 CL.12
EIL,B2A,PIPE,SEAMLESS,BE,24,24,CALC,B-36.10,A672GR.B60 CL.12
EIL,B9A,PIPE,SEAMLESS,PE,0.5,0.75,S160,B-36.10,ASTM A 106 GR.B
EIL,B9A,PIPE,SEAMLESS,PE,1,1.5,XS,B-36.10,ASTM A 106 GR.B
EIL,B9A,PIPE,SEAMLESS,BE,2,2,XS,B-36.10,ASTM A 106 GR.B
EIL,B9A,PIPE,SEAMLESS,BE,3,6,STD,B-36.10,ASTM A 106 GR.B
EIL,B9A,PIPE,SEAMLESS,BE,8,10,STD,B-36.10,ASTM A 106 GR.B
EIL,B9A,PIPE,SEAMLESS,BE,12,14,XS,B-36.10,ASTM A 106 GR.B
EIL,B9A,PIPE,EFSW,BE,16,16,XS,B-36.10,A672GR.B60 CL.12
EIL,B9A,PIPE,EFSW,BE,18,24,CALC,B-36.10,A672GR.B60 CL.12
EIL,B19A,PIPE,SEAMLESS,PE,0.5,0.75,S160,B-36.10,ASTM A 106 GR.B
EIL,B19A,PIPE,SEAMLESS,PE,1,1.5,XS,B-36.10,ASTM A 106 GR.B
EIL,B19A,PIPE,SEAMLESS,BE,2,2,XS,B-36.10,ASTM A 106 GR.B
EIL,B19A,PIPE,SEAMLESS,BE,3,6,STD,B-36.10,ASTM A 106 GR.B
EIL,B19A,PIPE,SEAMLESS,BE,8,10,STD,B-36.10,ASTM A 106 GR.B
EIL,B19A,PIPE,SEAMLESS,BE,12,14,XS,B-36.10,ASTM A 106 GR.B
EIL,B19A,PIPE,EFSW,BE,16,16,XS,B-36.10,A672GR.B60 CL.22
EIL,B19A,PIPE,EFSW,BE,18,24,CALC,B-36.10,A672GR.B60 CL.22
EIL,D1A,PIPE,SEAMLESS,PE,0.5,0.75,S160,B-36.10,ASTM A 106 GR.B
EIL,D1A,PIPE,SEAMLESS,PE,1,1.5,XS,B-36.10,ASTM A 106 GR.B
EIL,D1A,PIPE,SEAMLESS,BE,2,2,XS,B-36.10,ASTM A 106 GR.B
EIL,D1A,PIPE,SEAMLESS,BE,3,3,STD,B-36.10,ASTM A 106 GR.B
EIL,D1A,PIPE,SEAMLESS,BE,4,8,XS,B-36.10,ASTM A 106 GR.B
EIL,D1A,PIPE,SEAMLESS,BE,10,14,CALC,B-36.10,ASTM A 106 GR.B
EIL,D1A,PIPE,EFSW,BE,16,24,CALC,B-36.10,A672GR.B60 CL.12
EIL,A25A,PIPE,SEAMLESS,BE,0.75,2,XS,B-36.10,ASTM A 106 GR.B
EIL,A25A,PIPE,SEAMLESS,BE,3,14,STD,B-36.10,ASTM A 106 GR.B
EIL,A25A,PIPE,EFSW,BE,16,16,STD,B-36.10,ASTM A 672 GR.B60 CL.12
EIL,A27A,PIPE,SEAMLESS,PE,0.5,0.75,S160,B-36.10,ASTM A 106 GR.B
EIL,A27A,PIPE,SEAMLESS,PE,1,1.5,XS,B-36.10,ASTM A 106 GR.B
EIL,A27A,PIPE,SEAMLESS,BE,2,2,XS,B-36.10,ASTM A 106 GR.B
EIL,A27A,PIPE,SEAMLESS,BE,3,10,STD,B-36.10,ASTM A 106 GR.B
EIL,A27A,PIPE,SEAMLESS,BE,12,14,XS,B-36.10,ASTM A 106 GR.B
EIL,A27A,PIPE,EFSW,BE,16,16,XS,B-36.10,A672GR.B60 CL.22
EIL,A27A,PIPE,EFSW,BE,18,26,STD,B-36.10,A672GR.B60 CL.22
EIL,A27A,PIPE,EFSW,BE,30,30,STD,B-36.10,A672GR.B60 CL.22
EIL,B26A,PIPE,SEAMLESS,PE,0.5,0.75,S160,B-36.10,ASTM A 106 GR.B
EIL,B26A,PIPE,SEAMLESS,PE,1,1.5,XS,B-36.10,ASTM A 106 GR.B
EIL,B26A,PIPE,SEAMLESS,BE,2,2,XS,B-36.10,ASTM A 106 GR.B
EIL,B26A,PIPE,SEAMLESS,BE,3,6,STD,B-36.10,ASTM A 106 GR.B
EIL,B26A,PIPE,SEAMLESS,BE,8,10,STD,B-36.10,ASTM A 106 GR.B
EIL,B26A,PIPE,SEAMLESS,BE,12,14,XS,B-36.10,ASTM A 106 GR.B
EIL,B26A,PIPE,EFSW,BE,16,16,XS,B-36.10,A672GR.B60 CL.22
EIL,B26A,PIPE,EFSW,BE,18,24,CALC,B-36.10,A672GR.B60 CL.22
EIL,B27A,PIPE,SEAMLESS,PE,0.5,0.75,S160,B-36.10,ASTM A 106 GR.B
EIL,B27A,PIPE,SEAMLESS,PE,1,1.5,XS,B-36.10,ASTM A 106 GR.B
EIL,B27A,PIPE,SEAMLESS,BE,2,2,XS,B-36.10,ASTM A 106 GR.B
EIL,B27A,PIPE,SEAMLESS,BE,3,6,STD,B-36.10,ASTM A 106 GR.B
EIL,B27A,PIPE,SEAMLESS,BE,8,10,STD,B-36.10,ASTM A 106 GR.B
EIL,B27A,PIPE,SEAMLESS,BE,12,14,XS,B-36.10,ASTM A 106 GR.B
EIL,B27A,PIPE,EFSW,BE,16,16,XS,B-36.10,A672GR.B60 CL.22
EIL,B27A,PIPE,EFSW,BE,18,24,CALC,B-36.10,A672GR.B60 CL.22
EIL,D19A,PIPE,SEAMLESS,PE,0.5,1.5,S160,B-36.10,ASTM A 106 GR.B
EIL,D19A,PIPE,SEAMLESS,BE,2,2,S160,B-36.10,ASTM A 106 GR.B
EIL,D19A,PIPE,SEAMLESS,BE,3,6,XS,B-36.10,ASTM A 106 GR.B
EIL,D19A,PIPE,SEAMLESS,BE,8,8,XS,B-36.10,ASTM A 106 GR.B
EIL,D19A,PIPE,SEAMLESS,BE,10,14,CALC,B-36.10,ASTM A 106 GR.B
EIL,D19A,PIPE,EFSW,BE,16,24,CALC,B-36.10,A672GR.B60 CL.22
EIL,E2D,PIPE,SEAMLESS,BE,0.5,0.75,S160,B-36.10,ASTM A 335 GR.P11
EIL,E2D,PIPE,SEAMLESS,BE,1,1.5,XS,B-36.10,ASTM A 335 GR.P11
EIL,E2D,PIPE,SEAMLESS,BE,2,2,6.35,B-36.10,ASTM A 335 GR.P11
EIL,E2D,PIPE,SEAMLESS,BE,3,3,S80,B-36.10,ASTM A 335 GR.P11
EIL,E2D,PIPE,SEAMLESS,BE,4,8,S120,B-36.10,ASTM A 335 GR.P11
EIL,E2D,PIPE,SEAMLESS,BE,10,14,S80,B-36.10,ASTM A 335 GR.P11
EIL,E2D,PIPE,EFSW,BE,16,24,S80,B-36.10,ASTM A 691 GR.1.25CR CL.42
